episode,duration_s,sim_steps,J15_reward,J15_avg_queue,J15_avg_wait,J15_epsilon,J15_loss,J15_NSG,J15_NSLG,J15_EWG,J15_EWLG,J16_reward,J16_avg_queue,J16_avg_wait,J16_epsilon,J16_loss,J16_NSG,J16_NSLG,J16_EWG,J16_EWLG,J17_reward,J17_avg_queue,J17_avg_wait,J17_epsilon,J17_loss,J17_NSG,J17_NSLG,J17_EWG,J17_EWLG,J18_reward,J18_avg_queue,J18_avg_wait,J18_epsilon,J18_loss,J18_NSG,J18_NSLG,J18_EWG,J18_EWLG
1,17.6,3600,-72.56,1.584,43.2,0.9920,0.00074,189,166,171,192,-66.51,1.476,37.1,0.9920,0.00200,158,190,179,191,-67.09,1.479,38.5,0.9920,0.00160,190,164,189,175,-71.69,1.545,44.7,0.9920,0.00252,170,183,203,162
2,38.0,3600,-76.13,1.706,40.9,0.9841,0.00058,176,176,175,191,-97.47,1.828,88.0,0.9841,0.00107,199,161,185,173,-89.44,1.907,57.7,0.9841,0.00089,171,171,182,194,-85.43,1.821,55.2,0.9841,0.00099,183,178,185,172
3,29.9,3600,-56.64,1.250,32.4,0.9762,0.00044,173,183,188,174,-64.77,1.406,39.3,0.9762,0.00101,177,171,182,188,-64.74,1.417,38.1,0.9762,0.00075,178,162,201,177,-54.73,1.267,25.4,0.9762,0.00081,185,165,169,199
4,32.2,3600,-62.73,1.393,35.0,0.9684,0.00045,185,181,184,168,-56.09,1.269,28.9,0.9684,0.00083,178,193,177,170,-55.48,1.256,28.6,0.9684,0.00065,167,164,192,195,-58.75,1.328,30.4,0.9684,0.00089,205,175,165,173
5,30.1,3600,-43.66,1.035,17.8,0.9606,0.00040,191,161,192,174,-67.76,1.481,40.1,0.9606,0.00084,187,187,183,161,-58.06,1.312,30.1,0.9606,0.00065,176,188,187,167,-55.94,1.272,28.2,0.9606,0.00075,202,172,179,165
6,30.5,3600,-53.69,1.216,27.5,0.9529,0.00040,174,157,200,187,-56.07,1.289,26.9,0.9529,0.00073,190,181,174,173,-56.63,1.282,29.1,0.9529,0.00066,179,164,186,189,-66.86,1.409,44.8,0.9529,0.00073,191,174,190,163
7,30.1,3600,-47.58,1.118,20.3,0.9453,0.00037,171,164,204,179,-75.47,1.615,48.2,0.9453,0.00075,179,176,180,183,-63.60,1.403,36.3,0.9453,0.00058,191,188,180,159,-44.93,1.050,19.8,0.9453,0.00078,194,180,183,161
8,30.0,3600,-76.51,1.661,46.4,0.9378,0.00037,173,170,199,176,-54.85,1.217,30.7,0.9378,0.00078,197,174,178,169,-47.81,1.103,22.5,0.9378,0.00053,167,174,204,173,-69.69,1.516,42.0,0.9378,0.00076,183,174,182,179
9,29.9,3600,-51.06,1.198,22.1,0.9303,0.00037,192,169,193,164,-64.50,1.460,33.2,0.9303,0.00091,193,173,176,176,-46.73,1.094,20.4,0.9303,0.00055,187,153,197,181,-49.03,1.133,22.9,0.9303,0.00076,210,177,176,155
10,30.2,3600,-51.43,1.179,24.9,0.9228,0.00038,160,162,234,162,-46.42,1.076,21.4,0.9228,0.00086,199,177,184,158,-51.29,1.159,26.5,0.9228,0.00056,158,163,208,189,-49.06,1.077,28.5,0.9228,0.00089,234,162,160,162
11,30.2,3600,-42.25,0.986,18.8,0.9154,0.00100,174,167,219,158,-54.07,1.221,28.1,0.9154,0.00126,203,157,198,160,-56.31,1.270,29.4,0.9154,0.00093,194,180,179,165,-53.67,1.254,23.7,0.9154,0.00101,197,158,187,176
12,30.4,3600,-61.65,1.393,31.9,0.9081,0.00080,206,167,196,149,-62.09,1.407,31.8,0.9081,0.00100,190,153,198,177,-53.22,1.198,28.1,0.9081,0.00075,191,156,219,152,-56.03,1.310,24.6,0.9081,0.00083,193,164,189,172
13,30.5,3600,-42.21,0.984,18.8,0.9008,0.00077,192,166,211,149,-43.94,1.016,20.5,0.9008,0.00096,201,158,210,149,-49.26,1.124,24.4,0.9008,0.00073,185,160,204,169,-50.41,1.134,26.6,0.9008,0.00079,192,170,200,156
14,31.0,3600,-44.71,1.049,19.3,0.8936,0.00073,186,181,201,150,-31.52,0.738,13.7,0.8936,0.00087,206,149,186,177,-42.28,0.971,20.3,0.8936,0.00069,187,150,225,156,-51.59,1.169,26.4,0.8936,0.00077,194,164,183,177
15,30.8,3600,-39.23,0.909,18.0,0.8865,0.00071,215,156,216,131,-34.57,0.813,14.7,0.8865,0.00084,208,169,192,149,-40.52,0.948,17.8,0.8865,0.00066,193,141,203,181,-40.03,0.919,19.3,0.8865,0.00075,201,152,200,165
16,30.8,3600,-64.97,1.429,37.5,0.8794,0.00071,187,165,199,167,-39.76,0.936,16.9,0.8794,0.00079,203,166,196,153,-49.00,1.144,21.7,0.8794,0.00066,190,157,200,171,-54.10,1.211,29.1,0.8794,0.00071,202,144,201,171
17,30.5,3600,-57.34,1.305,28.8,0.8724,0.00071,185,169,214,150,-46.89,1.088,21.5,0.8724,0.00081,200,149,183,186,-39.55,0.930,16.8,0.8724,0.00063,198,166,198,156,-43.02,1.001,19.4,0.8724,0.00071,206,171,210,131
18,31.1,3600,-35.59,0.840,14.8,0.8654,0.00071,184,151,231,152,-42.15,0.981,19.0,0.8654,0.00079,210,169,183,156,-41.80,0.973,18.9,0.8654,0.00061,188,157,211,162,-27.57,0.673,9.3,0.8654,0.00070,226,146,201,145
19,32.4,3600,-60.47,1.348,33.2,0.8585,0.00072,192,155,203,168,-42.28,0.994,18.1,0.8585,0.00077,206,155,198,159,-52.14,1.128,32.0,0.8585,0.00061,208,144,208,158,-33.30,0.803,12.2,0.8585,0.00065,209,156,199,154
20,31.2,3600,-41.88,0.948,21.5,0.8516,0.00071,195,146,224,153,-36.59,0.863,15.4,0.8516,0.00073,215,161,196,146,-40.64,0.958,17.1,0.8516,0.00064,185,168,223,142,-57.63,1.297,30.4,0.8516,0.00064,200,154,196,168
21,30.6,3600,-40.66,0.941,18.8,0.8448,0.00149,187,153,203,175,-42.21,0.983,19.0,0.8448,0.00162,175,161,203,179,-35.65,0.847,14.3,0.8448,0.00144,232,137,194,155,-48.37,1.128,21.6,0.8448,0.00158,214,156,178,170
22,30.3,3600,-31.92,0.768,11.8,0.8380,0.00122,176,164,215,163,-30.15,0.716,12.2,0.8380,0.00134,226,147,195,150,-33.65,0.803,13.2,0.8380,0.00125,209,152,217,140,-34.09,0.813,13.4,0.8380,0.00131,213,150,198,157
23,30.5,3600,-29.67,0.708,11.7,0.8313,0.00112,210,151,225,132,-44.11,1.020,20.5,0.8313,0.00136,224,167,185,142,-47.04,1.091,21.6,0.8313,0.00118,199,139,212,168,-46.74,1.058,24.0,0.8313,0.00128,221,140,193,164
24,30.7,3600,-33.43,0.791,13.7,0.8247,0.00112,210,162,208,138,-31.90,0.756,13.0,0.8247,0.00130,224,135,204,155,-25.02,0.614,8.2,0.8247,0.00116,197,151,212,158,-41.39,0.954,19.6,0.8247,0.00125,222,149,191,156
25,30.5,3600,-45.17,1.037,21.8,0.8181,0.00109,221,151,201,145,-35.09,0.835,14.0,0.8181,0.00126,246,153,198,121,-42.08,0.932,23.7,0.8181,0.00110,183,152,222,161,-43.13,0.983,21.5,0.8181,0.00126,233,153,196,136
26,32.2,3600,-35.37,0.829,15.4,0.8115,0.00108,218,147,203,150,-32.35,0.767,13.2,0.8115,0.00123,249,143,199,127,-34.06,0.818,12.8,0.8115,0.00113,227,133,214,144,-35.29,0.818,16.3,0.8115,0.00119,220,139,213,146
27,33.3,3600,-31.32,0.761,10.9,0.8050,0.00106,212,133,205,168,-34.55,0.835,12.5,0.8050,0.00125,209,158,201,150,-34.57,0.828,13.2,0.8050,0.00109,224,147,201,146,-32.87,0.784,12.9,0.8050,0.00118,234,131,187,166
28,33.0,3600,-32.97,0.780,13.6,0.7986,0.00104,204,136,232,146,-31.59,0.739,13.8,0.7986,0.00119,223,137,207,151,-31.27,0.753,11.5,0.7986,0.00110,214,148,222,134,-43.08,0.986,21.0,0.7986,0.00117,221,148,197,152
29,33.5,3600,-38.22,0.890,17.2,0.7922,0.00103,205,162,210,141,-43.31,0.996,20.7,0.7922,0.00118,229,141,212,136,-34.00,0.807,13.7,0.7922,0.00105,207,139,207,165,-29.61,0.706,11.7,0.7922,0.00116,219,141,215,143
30,30.6,3600,-35.39,0.842,14.1,0.7859,0.00105,182,160,231,145,-36.95,0.874,15.3,0.7859,0.00122,226,148,196,148,-32.43,0.783,11.8,0.7859,0.00105,224,133,216,145,-47.72,1.051,27.4,0.7859,0.00112,203,159,187,169
31,30.4,3600,-41.24,0.968,17.7,0.7796,0.00182,198,138,228,154,-32.70,0.772,13.7,0.7796,0.00201,225,134,213,146,-30.64,0.745,10.7,0.7796,0.00186,214,138,206,160,-36.01,0.857,14.3,0.7796,0.00193,211,146,204,157
32,30.4,3600,-35.02,0.823,15.0,0.7733,0.00167,208,154,222,134,-34.03,0.794,15.2,0.7733,0.00179,231,151,197,139,-38.20,0.898,16.3,0.7733,0.00166,201,141,216,160,-28.93,0.689,11.4,0.7733,0.00175,242,121,218,137
33,30.5,3600,-30.72,0.728,12.5,0.7672,0.00157,233,138,216,131,-28.13,0.688,9.3,0.7672,0.00169,216,124,223,155,-25.23,0.614,8.6,0.7672,0.00154,209,155,231,123,-28.46,0.684,10.6,0.7672,0.00165,225,133,236,124
34,30.7,3600,-44.54,0.997,24.1,0.7610,0.00152,229,166,191,132,-32.45,0.784,11.7,0.7610,0.00163,223,140,214,141,-32.61,0.784,12.2,0.7610,0.00145,208,141,222,147,-33.20,0.786,13.6,0.7610,0.00162,214,152,218,134
35,30.4,3600,-31.29,0.750,11.9,0.7549,0.00156,230,145,210,133,-32.03,0.759,13.0,0.7549,0.00162,218,144,213,143,-40.38,0.925,19.6,0.7549,0.00153,224,141,220,133,-28.68,0.684,11.3,0.7549,0.00161,222,121,218,157
36,30.7,3600,-39.20,0.923,16.6,0.7489,0.00154,209,154,226,129,-43.24,0.998,20.4,0.7489,0.00163,199,162,199,158,-41.84,0.951,21.2,0.7489,0.00150,233,159,206,120,-37.72,0.898,15.0,0.7489,0.00156,238,128,208,144
37,30.8,3600,-28.33,0.690,9.7,0.7429,0.00144,200,139,242,137,-23.39,0.579,7.0,0.7429,0.00169,233,131,217,137,-38.08,0.883,17.5,0.7429,0.00160,209,134,225,150,-28.62,0.684,11.1,0.7429,0.00153,237,121,216,144
38,30.7,3600,-31.78,0.766,11.7,0.7370,0.00142,213,137,220,148,-30.57,0.736,11.3,0.7370,0.00163,232,151,207,128,-30.02,0.722,11.2,0.7370,0.00154,224,124,230,140,-21.52,0.530,6.7,0.7370,0.00146,232,131,217,138
39,30.7,3600,-30.95,0.749,11.1,0.7311,0.00145,232,149,189,148,-27.08,0.660,9.2,0.7311,0.00163,235,116,237,130,-33.43,0.797,13.2,0.7311,0.00154,239,129,220,130,-28.12,0.684,9.7,0.7311,0.00147,219,146,219,134
40,30.4,3600,-27.07,0.655,9.7,0.7252,0.00143,237,134,212,135,-30.44,0.722,12.3,0.7252,0.00161,221,142,208,147,-31.15,0.748,11.7,0.7252,0.00156,209,150,232,127,-28.85,0.701,10.1,0.7252,0.00147,256,110,220,132
41,30.5,3600,-33.53,0.796,13.6,0.7194,0.00192,226,147,226,119,-26.42,0.645,8.9,0.7194,0.00207,220,137,238,123,-27.81,0.671,10.1,0.7194,0.00188,231,144,222,121,-27.77,0.687,8.4,0.7194,0.00205,241,122,204,151
42,30.3,3600,-34.66,0.842,12.1,0.7137,0.00176,192,154,215,157,-33.60,0.807,12.6,0.7137,0.00184,229,140,214,135,-27.94,0.677,9.9,0.7137,0.00180,222,128,236,132,-24.11,0.597,7.3,0.7137,0.00202,237,129,218,134
43,30.6,3600,-24.23,0.592,8.1,0.7079,0.00176,209,150,233,126,-28.28,0.684,10.1,0.7079,0.00181,225,122,212,159,-26.27,0.630,10.0,0.7079,0.00181,236,123,247,112,-22.93,0.566,7.1,0.7079,0.00188,228,117,245,128
44,30.6,3600,-25.75,0.642,7.3,0.7023,0.00165,218,140,228,132,-32.86,0.787,12.6,0.7023,0.00177,224,128,230,136,-26.44,0.647,8.7,0.7023,0.00169,231,141,237,109,-26.46,0.650,8.5,0.7023,0.00180,233,140,208,137
45,30.7,3600,-26.51,0.652,8.4,0.6967,0.00160,225,145,223,125,-28.57,0.694,10.0,0.6967,0.00182,250,108,227,133,-28.57,0.698,9.6,0.6967,0.00170,218,133,245,122,-26.38,0.646,8.7,0.6967,0.00179,235,144,219,120
46,30.5,3600,-34.79,0.815,15.1,0.6911,0.00163,216,151,216,135,-25.65,0.626,8.6,0.6911,0.00181,229,116,233,140,-25.37,0.619,8.6,0.6911,0.00162,224,121,237,136,-28.63,0.683,11.2,0.6911,0.00183,248,155,196,119
47,30.9,3600,-32.58,0.785,12.0,0.6856,0.00167,222,150,218,128,-23.81,0.591,7.0,0.6856,0.00172,258,119,219,122,-26.84,0.658,8.7,0.6856,0.00164,209,139,246,124,-26.13,0.630,9.6,0.6856,0.00174,240,120,221,137
48,30.7,3600,-26.64,0.639,10.1,0.6801,0.00156,228,108,243,139,-26.43,0.645,8.9,0.6801,0.00176,241,125,236,116,-25.07,0.615,8.1,0.6801,0.00158,214,133,234,137,-23.88,0.592,7.2,0.6801,0.00172,242,100,224,152
49,31.0,3600,-24.82,0.608,8.2,0.6746,0.00155,224,130,220,144,-21.77,0.530,7.5,0.6746,0.00169,242,138,210,128,-28.79,0.684,11.6,0.6746,0.00160,226,131,225,136,-30.90,0.745,11.3,0.6746,0.00169,230,138,227,123
50,30.6,3600,-27.09,0.649,10.4,0.6692,0.00161,223,134,228,133,-25.21,0.613,8.7,0.6692,0.00162,243,126,221,128,-32.11,0.747,14.5,0.6692,0.00155,207,137,250,124,-22.39,0.547,7.5,0.6692,0.00167,270,112,224,112
51,31.1,3600,-20.41,0.509,5.8,0.6639,0.00177,235,118,248,117,-24.07,0.589,8.0,0.6639,0.00231,239,128,231,120,-20.44,0.512,5.6,0.6639,0.00205,232,132,251,103,-29.11,0.673,13.5,0.6639,0.00195,225,132,243,118
52,31.0,3600,-31.88,0.766,12.0,0.6586,0.00162,234,119,235,130,-26.84,0.655,9.1,0.6586,0.00192,240,116,244,118,-23.40,0.582,6.8,0.6586,0.00192,230,141,230,117,-27.13,0.655,9.8,0.6586,0.00202,238,130,228,122
53,31.0,3600,-20.62,0.512,6.0,0.6533,0.00159,238,118,230,132,-20.50,0.509,6.1,0.6533,0.00181,236,114,222,146,-15.65,0.394,4.1,0.6533,0.00187,241,122,243,112,-25.25,0.612,8.9,0.6533,0.00182,258,121,222,117
54,31.2,3600,-22.77,0.558,7.4,0.6481,0.00150,227,108,267,116,-19.19,0.482,5.1,0.6481,0.00183,232,128,230,128,-23.77,0.584,7.6,0.6481,0.00178,235,127,223,133,-24.37,0.601,7.6,0.6481,0.00183,248,144,216,110
55,30.9,3600,-24.23,0.596,7.7,0.6429,0.00158,208,137,234,139,-21.13,0.526,6.1,0.6429,0.00176,261,98,240,119,-25.13,0.608,9.0,0.6429,0.00177,252,128,224,114,-23.24,0.566,8.0,0.6429,0.00181,252,105,234,127
56,31.3,3600,-29.42,0.695,12.2,0.6378,0.00146,219,121,241,137,-24.25,0.586,8.8,0.6378,0.00176,245,120,246,107,-27.10,0.652,10.1,0.6378,0.00178,233,128,227,130,-23.69,0.586,7.2,0.6378,0.00183,239,112,234,133
57,31.0,3600,-24.24,0.595,7.9,0.6327,0.00149,233,127,246,112,-24.67,0.592,9.3,0.6327,0.00181,232,104,259,123,-24.31,0.599,7.6,0.6327,0.00179,234,132,243,109,-24.41,0.605,7.3,0.6327,0.00175,244,119,238,117
58,31.1,3600,-21.31,0.532,6.0,0.6276,0.00151,238,110,246,124,-17.93,0.453,4.5,0.6276,0.00182,254,103,251,110,-20.27,0.503,6.0,0.6276,0.00176,230,116,261,111,-24.26,0.581,9.3,0.6276,0.00167,261,112,226,119
59,31.1,3600,-26.30,0.640,9.1,0.6226,0.00150,234,122,241,121,-26.92,0.649,9.8,0.6226,0.00183,234,120,251,113,-25.63,0.637,7.5,0.6226,0.00173,231,132,235,120,-26.58,0.644,9.4,0.6226,0.00176,236,119,218,145
60,31.5,3600,-20.71,0.513,6.3,0.6176,0.00148,245,112,249,112,-24.62,0.596,8.7,0.6176,0.00176,243,112,234,129,-27.95,0.677,9.9,0.6176,0.00171,228,130,239,121,-23.20,0.575,7.0,0.6176,0.00183,272,102,244,100
61,31.4,3600,-25.80,0.635,8.2,0.6126,0.00192,242,115,232,129,-22.15,0.546,7.0,0.6126,0.00197,241,120,242,115,-18.30,0.463,4.5,0.6126,0.00186,254,129,244,91,-18.01,0.452,4.9,0.6126,0.00210,271,105,234,108
62,31.6,3600,-22.47,0.556,6.9,0.6077,0.00182,243,112,245,118,-16.95,0.429,4.2,0.6077,0.00194,235,114,260,109,-25.43,0.616,9.1,0.6077,0.00177,230,134,230,124,-25.17,0.604,9.5,0.6077,0.00203,252,120,224,122
63,31.1,3600,-22.90,0.569,6.8,0.6029,0.00177,237,122,250,109,-20.33,0.507,5.8,0.6029,0.00179,242,130,232,114,-21.79,0.537,6.8,0.6029,0.00180,260,105,238,115,-20.87,0.517,6.3,0.6029,0.00197,267,87,250,114
64,31.7,3600,-23.20,0.577,6.7,0.5981,0.00176,223,115,261,119,-23.76,0.583,7.7,0.5981,0.00178,254,111,235,118,-19.63,0.495,5.0,0.5981,0.00170,251,107,250,110,-19.78,0.493,5.6,0.5981,0.00194,260,114,226,118
65,31.7,3600,-18.71,0.469,5.0,0.5933,0.00174,229,126,244,119,-19.05,0.466,6.3,0.5933,0.00171,249,98,265,106,-23.28,0.566,8.0,0.5933,0.00171,242,132,228,116,-22.86,0.563,7.2,0.5933,0.00190,288,92,230,108
66,31.8,3600,-23.54,0.580,7.4,0.5885,0.00168,265,116,223,114,-22.19,0.555,6.1,0.5885,0.00174,244,105,258,111,-22.77,0.559,7.3,0.5885,0.00176,273,115,227,103,-26.74,0.647,9.6,0.5885,0.00201,247,109,244,118
67,31.6,3600,-21.97,0.546,6.5,0.5838,0.00168,236,119,240,123,-20.29,0.512,5.2,0.5838,0.00164,251,106,251,110,-19.20,0.482,5.1,0.5838,0.00163,276,120,235,87,-19.49,0.483,5.8,0.5838,0.00187,253,106,249,110
68,31.9,3600,-23.24,0.566,8.0,0.5792,0.00162,250,121,223,124,-19.83,0.492,5.8,0.5792,0.00168,253,102,266,97,-19.43,0.489,5.1,0.5792,0.00170,239,119,241,119,-21.85,0.537,7.0,0.5792,0.00187,257,115,236,110
69,31.9,3600,-16.61,0.422,4.0,0.5745,0.00161,261,98,247,112,-21.33,0.532,6.0,0.5745,0.00164,248,103,253,114,-19.44,0.487,5.3,0.5745,0.00166,250,119,246,103,-17.36,0.439,4.3,0.5745,0.00189,263,98,260,97
70,31.7,3600,-19.72,0.492,5.5,0.5699,0.00164,249,108,240,121,-19.56,0.491,5.3,0.5699,0.00163,239,111,263,105,-18.00,0.455,4.5,0.5699,0.00166,265,105,236,112,-20.64,0.514,5.9,0.5699,0.00178,271,93,250,104
71,31.9,3600,-19.37,0.475,6.3,0.5654,0.00182,265,96,256,101,-21.98,0.550,6.0,0.5654,0.00199,265,118,225,110,-20.81,0.527,5.1,0.5654,0.00190,249,110,255,104,-20.98,0.514,6.8,0.5654,0.00191,228,107,271,112
72,32.2,3600,-17.67,0.435,5.6,0.5608,0.00173,250,115,256,97,-18.33,0.458,5.2,0.5608,0.00174,249,102,255,112,-19.66,0.492,5.4,0.5608,0.00182,247,102,264,105,-17.12,0.427,4.8,0.5608,0.00177,264,97,243,114
73,32.1,3600,-22.25,0.554,6.4,0.5564,0.00169,267,102,234,115,-22.86,0.553,8.2,0.5564,0.00165,246,107,263,102,-18.14,0.460,4.4,0.5564,0.00174,248,110,265,95,-18.18,0.456,4.9,0.5564,0.00181,269,106,237,106
74,32.1,3600,-20.71,0.516,5.9,0.5519,0.00161,253,113,237,115,-20.02,0.502,5.4,0.5519,0.00158,273,87,238,120,-17.44,0.439,4.6,0.5519,0.00168,248,94,263,113,-20.84,0.521,5.8,0.5519,0.00174,246,112,252,108
75,31.9,3600,-20.83,0.519,6.0,0.5475,0.00164,243,123,254,98,-19.89,0.497,5.6,0.5475,0.00159,234,108,273,103,-15.82,0.398,4.1,0.5475,0.00167,260,97,250,111,-17.23,0.432,4.6,0.5475,0.00179,259,101,243,115
76,33.5,3600,-19.29,0.481,5.5,0.5431,0.00156,248,96,255,119,-16.17,0.412,3.7,0.5431,0.00150,262,80,282,94,-18.71,0.468,5.1,0.5431,0.00159,238,111,261,108,-22.09,0.548,6.6,0.5431,0.00157,250,125,229,114
77,37.1,3600,-18.80,0.476,4.7,0.5388,0.00156,255,108,263,92,-20.02,0.502,5.4,0.5388,0.00143,239,103,267,109,-20.76,0.514,6.3,0.5388,0.00158,268,102,226,122,-21.44,0.540,5.5,0.5388,0.00155,260,116,254,88
78,35.4,3600,-20.26,0.511,5.2,0.5345,0.00155,254,121,244,99,-17.86,0.450,4.6,0.5345,0.00141,233,119,273,93,-18.03,0.453,4.8,0.5345,0.00149,269,114,236,99,-25.00,0.592,10.2,0.5345,0.00151,255,120,237,106
79,36.2,3600,-18.64,0.463,5.5,0.5302,0.00153,267,103,255,93,-17.03,0.427,4.6,0.5302,0.00140,246,91,285,96,-17.73,0.447,4.6,0.5302,0.00153,272,101,252,93,-18.01,0.459,4.2,0.5302,0.00147,265,96,262,95
80,36.0,3600,-19.14,0.484,4.7,0.5259,0.00145,273,106,240,99,-14.44,0.371,3.0,0.5259,0.00136,237,91,293,97,-16.98,0.419,5.3,0.5259,0.00144,260,103,234,121,-19.39,0.481,5.8,0.5259,0.00145,289,103,228,98
81,36.7,3600,-17.52,0.444,4.2,0.5217,0.00167,266,78,261,113,-17.34,0.439,4.3,0.5217,0.00143,272,85,259,102,-18.32,0.461,4.8,0.5217,0.00155,271,111,226,110,-19.51,0.492,5.0,0.5217,0.00152,249,99,249,121
82,35.9,3600,-20.35,0.501,6.4,0.5176,0.00163,239,113,265,101,-17.08,0.435,3.9,0.5176,0.00138,280,99,249,90,-18.72,0.472,4.8,0.5176,0.00137,248,84,283,103,-17.14,0.430,4.6,0.5176,0.00147,264,95,256,103
83,36.8,3600,-24.08,0.607,6.2,0.5134,0.00156,259,117,256,86,-20.91,0.526,5.5,0.5134,0.00138,281,83,252,102,-18.68,0.473,4.6,0.5134,0.00133,298,65,248,107,-25.16,0.612,8.7,0.5134,0.00136,253,111,260,94
84,36.6,3600,-18.70,0.470,4.9,0.5093,0.00155,256,100,255,107,-16.20,0.415,3.5,0.5093,0.00137,272,96,246,104,-18.49,0.466,4.7,0.5093,0.00129,268,94,256,100,-17.11,0.438,3.7,0.5093,0.00140,245,87,274,112
85,36.9,3600,-15.67,0.399,3.6,0.5052,0.00154,249,99,271,99,-16.55,0.417,4.3,0.5052,0.00139,267,97,269,85,-20.24,0.505,5.7,0.5052,0.00127,265,99,236,118,-15.25,0.390,3.4,0.5052,0.00139,267,96,254,101
86,36.7,3600,-17.87,0.442,5.5,0.5012,0.00147,249,89,265,115,-17.86,0.454,4.2,0.5012,0.00128,249,90,274,105,-15.05,0.384,3.4,0.5012,0.00124,272,98,253,95,-14.54,0.373,3.1,0.5012,0.00133,260,105,252,101
87,36.9,3600,-14.24,0.359,3.6,0.4972,0.00138,257,84,267,110,-16.84,0.422,4.6,0.4972,0.00124,270,98,261,89,-16.08,0.405,4.2,0.4972,0.00126,259,114,242,103,-13.38,0.341,3.1,0.4972,0.00123,277,104,253,84
88,37.2,3600,-20.13,0.506,5.3,0.4932,0.00141,264,90,257,107,-16.67,0.426,3.7,0.4932,0.00121,261,90,263,104,-17.79,0.449,4.5,0.4932,0.00117,253,103,260,102,-16.53,0.422,3.8,0.4932,0.00121,278,97,250,93
89,37.2,3600,-16.42,0.418,3.8,0.4893,0.00138,277,91,263,87,-15.72,0.398,3.9,0.4893,0.00133,278,86,261,93,-14.45,0.367,3.4,0.4893,0.00120,294,89,234,101,-15.46,0.392,3.8,0.4893,0.00123,238,101,270,109
90,38.6,3600,-14.94,0.386,2.9,0.4853,0.00127,251,95,270,102,-18.24,0.460,4.7,0.4853,0.00119,270,92,261,95,-16.58,0.421,4.0,0.4853,0.00112,272,97,249,100,-21.45,0.536,6.0,0.4853,0.00118,271,90,258,99
91,37.2,3600,-16.58,0.424,3.6,0.4815,0.00139,263,99,261,95,-18.83,0.470,5.3,0.4815,0.00112,276,85,268,89,-15.24,0.388,3.6,0.4815,0.00131,253,102,266,97,-17.22,0.436,4.2,0.4815,0.00122,269,89,259,101
92,37.7,3600,-15.27,0.392,3.2,0.4776,0.00140,244,87,282,105,-18.11,0.454,4.9,0.4776,0.00111,273,93,262,90,-18.68,0.468,5.2,0.4776,0.00134,262,94,279,83,-12.73,0.330,2.3,0.4776,0.00123,302,87,248,81
93,38.0,3600,-17.24,0.437,4.2,0.4738,0.00145,248,115,266,89,-14.60,0.372,3.3,0.4738,0.00111,281,77,264,96,-18.11,0.459,4.4,0.4738,0.00126,256,106,271,85,-17.29,0.438,4.2,0.4738,0.00114,292,84,241,101
94,37.1,3600,-15.97,0.404,4.0,0.4700,0.00128,266,95,265,92,-14.28,0.365,3.1,0.4700,0.00107,268,85,287,78,-14.60,0.372,3.3,0.4700,0.00122,277,76,269,96,-17.41,0.440,4.4,0.4700,0.00116,267,100,269,82
95,37.8,3600,-14.59,0.373,3.2,0.4662,0.00128,270,91,261,96,-15.03,0.381,3.6,0.4662,0.00105,284,95,252,87,-15.64,0.399,3.5,0.4662,0.00120,286,88,264,80,-12.74,0.329,2.4,0.4662,0.00109,286,69,265,98
96,38.0,3600,-13.35,0.341,3.0,0.4625,0.00124,250,113,276,79,-17.01,0.427,4.6,0.4625,0.00104,246,94,284,94,-18.61,0.469,4.8,0.4625,0.00119,252,124,258,84,-17.35,0.436,4.6,0.4625,0.00112,271,90,240,117
97,38.1,3600,-16.98,0.432,3.9,0.4588,0.00130,247,101,279,91,-14.36,0.370,2.9,0.4588,0.00105,281,84,269,84,-19.44,0.490,5.0,0.4588,0.00121,248,102,264,104,-15.09,0.387,3.2,0.4588,0.00107,276,107,238,97
98,37.6,3600,-15.92,0.402,4.0,0.4551,0.00121,263,93,264,98,-15.15,0.386,3.4,0.4551,0.00103,281,80,263,94,-19.34,0.485,5.2,0.4551,0.00120,280,89,252,97,-14.52,0.371,3.2,0.4551,0.00105,276,76,256,110
99,37.6,3600,-16.28,0.416,3.7,0.4515,0.00122,254,75,291,98,-16.30,0.414,3.8,0.4515,0.00098,265,87,276,90,-19.42,0.491,4.9,0.4515,0.00114,261,80,265,112,-18.53,0.465,5.0,0.4515,0.00108,279,87,272,80
100,36.1,3600,-17.95,0.451,4.7,0.4479,0.00116,245,91,293,89,-16.66,0.427,3.6,0.4479,0.00093,277,84,284,73,-18.06,0.451,5.1,0.4479,0.00112,283,95,250,90,-15.70,0.400,3.6,0.4479,0.00101,274,79,259,106
101,34.4,3600,-17.60,0.444,4.5,0.4443,0.00119,257,81,268,112,-15.65,0.395,3.9,0.4443,0.00099,262,75,274,107,-18.16,0.452,5.2,0.4443,0.00110,281,88,255,94,-15.47,0.398,3.2,0.4443,0.00098,240,83,290,105
102,34.9,3600,-13.45,0.349,2.4,0.4407,0.00113,258,83,287,90,-14.47,0.370,3.2,0.4407,0.00090,250,87,302,79,-17.67,0.444,4.7,0.4407,0.00111,276,97,267,78,-16.40,0.415,4.0,0.4407,0.00100,264,101,259,94
103,34.6,3600,-15.83,0.405,3.5,0.4372,0.00109,262,99,274,83,-13.36,0.342,2.9,0.4372,0.00090,257,73,300,88,-18.36,0.440,7.0,0.4372,0.00109,266,85,267,100,-15.47,0.393,3.7,0.4372,0.00094,243,88,282,105
104,33.8,3600,-14.24,0.364,3.1,0.4337,0.00101,270,77,303,68,-14.39,0.364,3.6,0.4337,0.00088,238,90,296,94,-17.11,0.431,4.5,0.4337,0.00108,276,93,264,85,-14.78,0.379,3.2,0.4337,0.00094,255,88,273,102
105,34.1,3600,-14.82,0.377,3.4,0.4303,0.00102,258,84,292,84,-13.34,0.342,2.8,0.4303,0.00089,268,80,284,86,-13.44,0.344,2.9,0.4303,0.00110,258,85,268,107,-14.86,0.378,3.4,0.4303,0.00092,248,106,268,96
106,34.2,3600,-17.82,0.451,4.4,0.4268,0.00101,272,87,284,75,-13.59,0.353,2.4,0.4268,0.00079,272,75,293,78,-16.32,0.419,3.5,0.4268,0.00097,258,95,290,75,-16.95,0.430,4.1,0.4268,0.00090,276,90,271,81
107,34.2,3600,-14.01,0.362,2.7,0.4234,0.00100,243,93,298,84,-14.35,0.372,2.7,0.4234,0.00080,260,74,295,89,-12.06,0.313,2.2,0.4234,0.00090,290,78,269,81,-14.25,0.367,2.9,0.4234,0.00089,274,69,293,82
108,34.0,3600,-14.20,0.366,2.8,0.4200,0.00100,245,79,302,92,-15.42,0.395,3.3,0.4200,0.00081,265,87,274,92,-13.07,0.339,2.4,0.4200,0.00093,287,69,275,87,-15.42,0.395,3.4,0.4200,0.00084,276,80,282,80
109,34.7,3600,-14.39,0.371,2.9,0.4167,0.00096,244,86,305,83,-13.22,0.338,2.9,0.4167,0.00080,279,85,277,77,-13.55,0.349,2.7,0.4167,0.00089,286,95,260,77,-14.39,0.368,3.2,0.4167,0.00089,247,80,301,90
110,34.9,3600,-15.68,0.400,3.5,0.4133,0.00097,280,73,282,83,-13.64,0.353,2.5,0.4133,0.00075,262,70,288,98,-13.32,0.343,2.7,0.4133,0.00090,271,75,303,69,-14.87,0.382,3.1,0.4133,0.00090,258,83,298,79
111,34.4,3600,-12.70,0.328,2.5,0.4100,0.00094,251,82,273,112,-16.36,0.415,3.9,0.4100,0.00091,294,92,261,71,-12.71,0.328,2.5,0.4100,0.00084,251,94,275,98,-15.26,0.390,3.4,0.4100,0.00084,254,95,278,91
112,34.9,3600,-16.14,0.416,3.2,0.4067,0.00090,271,98,251,98,-12.16,0.313,2.5,0.4067,0.00085,303,61,266,88,-15.31,0.390,3.5,0.4067,0.00084,282,79,269,88,-14.61,0.374,3.2,0.4067,0.00088,286,83,262,87
113,34.9,3600,-17.75,0.447,4.6,0.4035,0.00089,253,91,262,112,-14.35,0.367,3.2,0.4035,0.00082,274,87,282,75,-14.82,0.377,3.5,0.4035,0.00083,265,109,263,81,-15.85,0.405,3.5,0.4035,0.00081,269,108,242,99
114,35.2,3600,-13.54,0.347,2.9,0.4002,0.00086,268,83,275,92,-14.45,0.367,3.4,0.4002,0.00081,312,78,264,64,-15.49,0.395,3.6,0.4002,0.00081,271,115,271,61,-12.20,0.315,2.4,0.4002,0.00080,281,80,264,93
115,34.5,3600,-14.53,0.372,3.1,0.3970,0.00088,253,101,286,78,-13.42,0.347,2.6,0.3970,0.00081,278,69,299,72,-14.26,0.363,3.3,0.3970,0.00082,284,90,283,61,-12.70,0.327,2.6,0.3970,0.00077,280,73,266,99
116,35.5,3600,-12.89,0.331,2.7,0.3939,0.00080,282,80,267,89,-13.55,0.344,3.2,0.3939,0.00082,258,69,291,100,-14.73,0.376,3.3,0.3939,0.00075,284,89,255,90,-12.50,0.324,2.4,0.3939,0.00074,311,67,254,86
117,34.7,3600,-12.01,0.311,2.3,0.3907,0.00081,268,94,265,91,-13.12,0.337,2.8,0.3907,0.00075,280,81,280,77,-12.49,0.321,2.6,0.3907,0.00081,288,88,282,60,-13.46,0.346,2.8,0.3907,0.00077,267,80,277,94
118,34.9,3600,-11.78,0.304,2.4,0.3876,0.00080,257,85,285,91,-16.09,0.410,3.7,0.3876,0.00080,225,92,321,80,-14.29,0.367,3.0,0.3876,0.00079,270,73,279,96,-13.36,0.346,2.5,0.3876,0.00084,276,99,264,79
119,34.6,3600,-14.12,0.361,3.1,0.3845,0.00076,238,98,292,90,-13.18,0.339,2.8,0.3845,0.00077,276,71,287,84,-12.69,0.328,2.5,0.3845,0.00076,264,99,284,71,-16.18,0.409,4.0,0.3845,0.00078,282,74,282,80
120,34.7,3600,-14.82,0.378,3.3,0.3814,0.00074,264,97,264,93,-16.23,0.416,3.5,0.3814,0.00077,268,67,289,94,-14.25,0.366,3.0,0.3814,0.00073,295,72,275,76,-13.27,0.343,2.5,0.3814,0.00074,282,82,271,83
121,34.8,3600,-15.89,0.400,4.2,0.3784,0.00073,257,81,283,97,-13.74,0.352,2.9,0.3784,0.00079,300,66,271,81,-13.39,0.342,3.0,0.3784,0.00071,288,86,286,58,-11.61,0.301,2.1,0.3784,0.00072,294,67,269,88
122,35.4,3600,-13.71,0.349,3.2,0.3753,0.00072,255,100,288,75,-13.06,0.335,2.8,0.3753,0.00084,301,70,257,90,-12.20,0.316,2.3,0.3753,0.00070,314,73,250,81,-11.74,0.304,2.2,0.3753,0.00071,303,92,237,86
123,36.2,3600,-14.04,0.361,2.9,0.3723,0.00067,269,84,284,81,-14.10,0.358,3.4,0.3723,0.00080,299,63,274,82,-11.25,0.293,1.9,0.3723,0.00069,293,71,281,73,-14.61,0.374,3.2,0.3723,0.00069,301,91,238,88
124,35.5,3600,-13.25,0.343,2.6,0.3694,0.00068,265,93,273,87,-14.25,0.366,3.0,0.3694,0.00076,274,76,280,88,-11.37,0.294,2.2,0.3694,0.00069,280,96,284,58,-12.60,0.326,2.4,0.3694,0.00071,292,96,234,96
125,35.7,3600,-13.87,0.353,3.2,0.3664,0.00067,292,84,271,71,-11.56,0.301,2.0,0.3664,0.00078,306,61,279,72,-11.66,0.304,1.9,0.3664,0.00067,284,85,263,86,-14.43,0.371,3.0,0.3664,0.00068,276,89,274,79
126,35.0,3600,-15.40,0.395,3.2,0.3635,0.00067,260,98,269,91,-17.76,0.453,4.1,0.3635,0.00075,249,92,295,82,-17.57,0.441,4.7,0.3635,0.00072,279,75,286,78,-15.00,0.380,3.7,0.3635,0.00069,284,84,269,81
127,35.1,3600,-12.25,0.319,2.2,0.3606,0.00063,272,78,283,85,-12.16,0.315,2.2,0.3606,0.00081,293,66,283,76,-13.20,0.342,2.5,0.3606,0.00064,309,76,254,79,-14.64,0.373,3.3,0.3606,0.00069,272,62,267,117
128,34.8,3600,-13.34,0.344,2.6,0.3577,0.00065,266,82,287,83,-13.38,0.346,2.6,0.3577,0.00080,319,65,246,88,-15.38,0.393,3.4,0.3577,0.00065,304,62,275,77,-13.80,0.353,3.0,0.3577,0.00069,287,87,260,84
129,35.6,3600,-14.54,0.373,3.1,0.3548,0.00060,264,99,273,82,-12.95,0.332,2.8,0.3548,0.00072,293,69,277,79,-15.95,0.409,3.4,0.3548,0.00066,271,94,274,79,-11.32,0.294,2.0,0.3548,0.00063,314,77,255,72
130,35.4,3600,-13.50,0.349,2.6,0.3520,0.00059,267,88,293,70,-14.67,0.372,3.5,0.3520,0.00073,274,80,288,76,-12.08,0.313,2.2,0.3520,0.00065,313,62,278,65,-12.26,0.318,2.2,0.3520,0.00065,303,84,248,83
131,35.7,3600,-12.70,0.327,2.6,0.3492,0.00058,290,73,276,79,-12.35,0.321,2.2,0.3492,0.00067,296,69,260,93,-12.21,0.318,2.2,0.3492,0.00065,271,89,273,85,-11.94,0.309,2.2,0.3492,0.00070,295,81,261,81
132,35.2,3600,-13.44,0.345,2.9,0.3464,0.00056,264,101,270,83,-13.33,0.342,2.8,0.3464,0.00068,295,61,286,76,-15.13,0.387,3.3,0.3464,0.00064,258,94,306,60,-13.97,0.357,3.1,0.3464,0.00067,296,67,265,90
133,35.3,3600,-15.30,0.391,3.5,0.3436,0.00054,274,73,289,82,-15.25,0.392,3.1,0.3436,0.00068,293,81,271,73,-13.08,0.339,2.4,0.3436,0.00061,312,78,252,76,-13.56,0.347,2.9,0.3436,0.00064,297,92,253,76
134,35.6,3600,-14.46,0.371,3.0,0.3409,0.00053,280,87,261,90,-11.40,0.296,2.0,0.3409,0.00064,266,65,324,63,-14.26,0.364,3.2,0.3409,0.00060,292,64,302,60,-12.37,0.323,2.1,0.3409,0.00062,337,63,244,74
135,36.1,3600,-11.81,0.308,2.0,0.3381,0.00054,304,70,263,81,-12.54,0.324,2.4,0.3381,0.00065,257,78,295,88,-12.08,0.312,2.3,0.3381,0.00062,299,90,257,72,-12.52,0.323,2.4,0.3381,0.00062,291,76,265,86
136,35.1,3600,-11.41,0.295,2.2,0.3354,0.00053,261,71,292,94,-15.23,0.388,3.5,0.3354,0.00063,287,64,285,82,-11.86,0.307,2.2,0.3354,0.00061,281,78,306,53,-13.06,0.337,2.5,0.3354,0.00062,324,64,240,90
137,36.0,3600,-14.48,0.362,4.0,0.3327,0.00052,311,77,264,66,-13.07,0.340,2.3,0.3327,0.00064,277,81,290,70,-13.03,0.338,2.5,0.3327,0.00058,254,91,297,76,-11.45,0.298,2.0,0.3327,0.00062,297,75,253,93
138,35.3,3600,-12.64,0.327,2.4,0.3301,0.00052,293,87,279,59,-14.85,0.377,3.6,0.3301,0.00063,243,86,302,87,-10.59,0.275,1.9,0.3301,0.00057,274,68,310,66,-13.13,0.341,2.4,0.3301,0.00059,315,70,269,64
139,34.9,3600,-12.55,0.323,2.6,0.3274,0.00051,282,93,269,74,-10.94,0.284,2.0,0.3274,0.00069,274,44,329,71,-11.30,0.292,2.2,0.3274,0.00058,282,66,292,78,-12.39,0.321,2.4,0.3274,0.00059,303,63,284,68
140,35.4,3600,-11.77,0.304,2.3,0.3248,0.00050,287,76,270,85,-10.04,0.263,1.6,0.3248,0.00063,277,69,301,71,-9.98,0.261,1.6,0.3248,0.00057,308,70,294,46,-13.58,0.351,2.7,0.3248,0.00059,306,64,276,72
141,35.2,3600,-12.59,0.327,2.3,0.3222,0.00054,297,71,272,78,-12.51,0.326,2.2,0.3222,0.00065,282,60,305,71,-11.54,0.299,2.2,0.3222,0.00066,316,60,271,71,-13.21,0.341,2.6,0.3222,0.00061,304,62,253,99
142,35.9,3600,-12.38,0.317,2.7,0.3196,0.00051,263,74,287,94,-11.81,0.306,2.2,0.3196,0.00066,284,62,299,73,-11.81,0.306,2.2,0.3196,0.00063,307,64,279,68,-12.64,0.327,2.4,0.3196,0.00060,298,74,277,69
143,35.3,3600,-12.62,0.324,2.6,0.3171,0.00051,277,85,293,63,-13.29,0.342,2.7,0.3171,0.00063,299,60,286,73,-10.72,0.278,1.9,0.3171,0.00058,306,84,275,53,-11.25,0.292,2.1,0.3171,0.00058,275,61,308,74
144,35.9,3600,-11.56,0.299,2.2,0.3145,0.00050,277,101,284,56,-12.87,0.331,2.6,0.3145,0.00063,271,59,311,77,-12.38,0.319,2.5,0.3145,0.00058,299,76,270,73,-10.09,0.264,1.6,0.3145,0.00058,296,48,288,86
145,34.4,3600,-11.00,0.286,1.9,0.3120,0.00049,290,80,268,80,-10.34,0.271,1.6,0.3120,0.00063,289,47,318,64,-11.58,0.302,2.0,0.3120,0.00059,307,82,272,57,-12.87,0.334,2.3,0.3120,0.00057,265,58,320,75
146,35.8,3600,-12.59,0.325,2.5,0.3095,0.00050,270,79,284,85,-10.26,0.268,1.7,0.3095,0.00063,320,53,275,70,-12.56,0.323,2.6,0.3095,0.00058,307,55,288,68,-11.91,0.310,2.1,0.3095,0.00060,306,64,283,65
147,35.3,3600,-11.39,0.297,1.9,0.3071,0.00049,307,85,253,73,-10.06,0.263,1.7,0.3071,0.00064,289,61,302,66,-11.13,0.290,1.9,0.3071,0.00056,258,85,301,74,-10.06,0.264,1.6,0.3071,0.00054,277,61,305,75
148,35.3,3600,-11.99,0.313,2.0,0.3046,0.00048,287,83,279,69,-11.35,0.296,1.9,0.3046,0.00058,266,70,310,72,-11.57,0.301,2.0,0.3046,0.00061,318,63,276,61,-10.55,0.276,1.7,0.3046,0.00056,311,55,271,81
149,35.5,3600,-13.34,0.343,2.7,0.3022,0.00046,252,65,315,86,-12.63,0.328,2.3,0.3022,0.00059,272,59,314,73,-10.73,0.281,1.7,0.3022,0.00057,296,79,293,50,-10.60,0.278,1.7,0.3022,0.00059,299,55,306,58
150,35.9,3600,-11.80,0.307,2.1,0.2997,0.00047,302,62,287,67,-12.59,0.324,2.6,0.2997,0.00058,291,71,297,59,-12.52,0.324,2.4,0.2997,0.00055,282,66,299,71,-10.96,0.288,1.7,0.2997,0.00055,308,53,257,100
151,35.7,3600,-10.47,0.274,1.7,0.2973,0.00049,299,77,278,64,-10.28,0.267,1.8,0.2973,0.00058,273,63,319,63,-13.66,0.354,2.5,0.2973,0.00050,301,90,264,63,-9.66,0.253,1.5,0.2973,0.00050,314,69,271,64
152,35.2,3600,-10.41,0.272,1.7,0.2950,0.00046,282,60,301,75,-12.44,0.320,2.5,0.2950,0.00060,277,49,325,67,-10.93,0.286,1.8,0.2950,0.00051,319,71,280,48,-12.34,0.320,2.2,0.2950,0.00052,306,66,290,56
153,35.4,3600,-12.84,0.333,2.4,0.2926,0.00045,282,76,294,66,-11.41,0.296,2.1,0.2926,0.00056,277,59,307,75,-11.40,0.296,2.0,0.2926,0.00049,281,100,265,72,-10.08,0.265,1.5,0.2926,0.00055,312,79,254,73
154,35.5,3600,-12.64,0.327,2.4,0.2903,0.00046,294,61,295,68,-11.88,0.306,2.4,0.2903,0.00057,277,53,308,80,-10.24,0.268,1.6,0.2903,0.00047,310,54,294,60,-11.61,0.301,2.1,0.2903,0.00049,309,78,256,75
155,35.9,3600,-10.69,0.280,1.7,0.2879,0.00045,293,59,293,73,-11.52,0.299,2.1,0.2879,0.00056,260,57,322,79,-10.45,0.273,1.7,0.2879,0.00047,309,54,292,63,-10.71,0.279,1.9,0.2879,0.00050,308,66,266,78
156,35.4,3600,-11.00,0.287,1.8,0.2856,0.00043,298,90,283,47,-9.63,0.253,1.5,0.2856,0.00056,285,52,316,65,-10.35,0.269,1.8,0.2856,0.00048,297,81,292,48,-11.47,0.297,2.1,0.2856,0.00051,300,70,273,75
157,35.7,3600,-11.32,0.294,2.0,0.2834,0.00043,274,88,294,62,-11.60,0.301,2.1,0.2834,0.00052,265,57,347,49,-12.93,0.332,2.7,0.2834,0.00049,301,78,280,59,-10.96,0.287,1.8,0.2834,0.00052,306,60,272,80
158,35.7,3600,-10.77,0.279,2.0,0.2811,0.00044,306,60,284,68,-10.77,0.281,1.8,0.2811,0.00055,267,64,327,60,-11.45,0.296,2.2,0.2811,0.00048,300,72,292,54,-9.37,0.246,1.4,0.2811,0.00049,315,65,278,60
159,36.1,3600,-10.79,0.282,1.8,0.2788,0.00043,269,91,287,71,-12.50,0.322,2.5,0.2788,0.00055,272,72,315,59,-12.70,0.321,3.1,0.2788,0.00046,304,85,265,64,-11.62,0.303,1.9,0.2788,0.00050,295,59,279,85
160,35.5,3600,-13.80,0.357,2.7,0.2766,0.00045,281,80,278,79,-14.21,0.364,3.0,0.2766,0.00052,283,68,299,68,-12.67,0.323,2.9,0.2766,0.00047,305,70,278,65,-10.87,0.284,1.8,0.2766,0.00050,333,53,267,65
161,35.9,3600,-9.65,0.253,1.5,0.2744,0.00049,258,87,320,53,-10.82,0.282,1.8,0.2744,0.00048,286,50,313,69,-9.96,0.261,1.5,0.2744,0.00048,339,60,265,54,-10.79,0.281,1.8,0.2744,0.00053,292,60,297,69
162,35.7,3600,-9.97,0.262,1.5,0.2722,0.00048,251,77,328,62,-12.13,0.313,2.4,0.2722,0.00049,297,66,279,76,-9.34,0.246,1.3,0.2722,0.00048,329,59,278,52,-10.53,0.274,1.8,0.2722,0.00053,328,54,261,75
163,36.2,3600,-10.69,0.280,1.7,0.2700,0.00047,288,91,272,67,-10.09,0.263,1.7,0.2700,0.00048,262,53,306,97,-9.65,0.252,1.6,0.2700,0.00045,308,62,295,53,-9.16,0.240,1.4,0.2700,0.00049,320,64,277,57
164,36.1,3600,-10.61,0.277,1.8,0.2679,0.00047,269,85,292,72,-10.98,0.286,1.9,0.2679,0.00048,274,60,309,75,-13.41,0.348,2.4,0.2679,0.00047,295,90,281,52,-11.41,0.297,2.0,0.2679,0.00049,307,58,290,63
165,36.0,3600,-10.95,0.286,1.8,0.2657,0.00048,265,64,310,79,-11.04,0.288,1.8,0.2657,0.00047,269,60,312,77,-11.70,0.303,2.2,0.2657,0.00047,315,91,255,57,-10.13,0.264,1.7,0.2657,0.00049,326,70,255,67
166,36.1,3600,-11.41,0.296,2.1,0.2636,0.00046,303,61,285,69,-11.67,0.305,1.9,0.2636,0.00047,299,42,297,80,-11.11,0.288,2.1,0.2636,0.00046,305,74,290,49,-12.97,0.336,2.4,0.2636,0.00049,331,56,255,76
167,35.5,3600,-10.00,0.262,1.6,0.2615,0.00049,286,65,314,53,-11.47,0.297,2.2,0.2615,0.00049,292,44,310,72,-10.79,0.281,1.9,0.2615,0.00044,306,50,297,65,-11.50,0.299,2.1,0.2615,0.00049,346,42,251,79
168,35.8,3600,-11.70,0.304,2.0,0.2594,0.00046,278,81,301,58,-10.32,0.270,1.7,0.2594,0.00047,279,51,321,67,-12.68,0.328,2.4,0.2594,0.00045,331,67,281,39,-11.64,0.303,2.0,0.2594,0.00047,334,50,272,62
169,35.5,3600,-8.93,0.234,1.4,0.2573,0.00045,251,84,320,63,-9.87,0.258,1.7,0.2573,0.00047,289,67,304,58,-10.30,0.271,1.6,0.2573,0.00046,288,59,311,60,-10.06,0.264,1.5,0.2573,0.00048,332,40,272,74
170,36.3,3600,-11.08,0.286,2.1,0.2553,0.00045,266,66,315,71,-10.60,0.275,1.9,0.2553,0.00046,286,62,307,63,-10.32,0.270,1.6,0.2553,0.00043,311,66,284,57,-11.14,0.291,1.8,0.2553,0.00046,343,61,254,60
171,35.3,3600,-9.60,0.253,1.4,0.2532,0.00045,293,80,272,73,-11.84,0.302,2.7,0.2532,0.00048,253,74,320,71,-9.34,0.245,1.5,0.2532,0.00045,325,71,265,57,-9.48,0.248,1.5,0.2532,0.00048,294,67,277,80
172,35.8,3600,-11.43,0.297,2.0,0.2512,0.00048,274,80,316,48,-10.47,0.274,1.6,0.2512,0.00045,282,56,320,60,-11.78,0.305,2.2,0.2512,0.00045,310,76,257,75,-11.32,0.296,1.9,0.2512,0.00049,315,63,291,49
173,36.1,3600,-10.25,0.268,1.7,0.2492,0.00043,261,90,308,59,-9.79,0.257,1.5,0.2492,0.00046,249,52,358,59,-10.15,0.267,1.5,0.2492,0.00042,346,57,263,52,-9.28,0.244,1.4,0.2492,0.00049,292,52,324,50
174,36.2,3600,-10.57,0.275,1.9,0.2472,0.00044,286,75,297,60,-11.07,0.289,1.8,0.2472,0.00045,256,41,347,74,-10.11,0.265,1.6,0.2472,0.00043,333,57,265,63,-10.57,0.277,1.7,0.2472,0.00049,279,78,280,81
175,35.7,3600,-10.73,0.279,1.8,0.2452,0.00043,271,92,296,59,-12.71,0.326,2.7,0.2452,0.00045,265,66,313,74,-9.59,0.251,1.5,0.2452,0.00042,305,73,280,60,-10.48,0.273,1.8,0.2452,0.00048,319,44,289,66
176,36.2,3600,-10.29,0.268,1.8,0.2433,0.00044,271,83,313,51,-9.22,0.242,1.4,0.2433,0.00044,258,46,351,63,-11.00,0.277,2.8,0.2433,0.00043,337,53,277,51,-9.54,0.249,1.6,0.2433,0.00048,335,67,275,41
177,35.9,3600,-9.28,0.244,1.4,0.2413,0.00042,285,78,305,50,-9.29,0.244,1.4,0.2413,0.00043,266,50,351,51,-11.53,0.298,2.2,0.2413,0.00042,329,83,251,55,-10.70,0.279,1.9,0.2413,0.00049,321,48,297,52
178,35.9,3600,-11.51,0.300,2.0,0.2394,0.00041,309,74,286,49,-10.12,0.264,1.7,0.2394,0.00045,244,36,371,67,-9.93,0.259,1.6,0.2394,0.00043,328,70,280,40,-9.40,0.247,1.4,0.2394,0.00048,307,55,301,55
179,35.9,3600,-10.19,0.266,1.7,0.2375,0.00043,275,74,311,58,-10.00,0.264,1.3,0.2375,0.00043,253,68,347,50,-9.06,0.238,1.3,0.2375,0.00044,345,51,283,39,-10.82,0.283,1.8,0.2375,0.00045,298,37,317,66
180,35.7,3600,-11.32,0.295,2.0,0.2356,0.00041,262,79,305,72,-9.45,0.247,1.6,0.2356,0.00044,239,63,351,65,-9.90,0.258,1.7,0.2356,0.00042,363,52,251,52,-10.09,0.264,1.7,0.2356,0.00045,284,51,298,85
181,36.1,3600,-11.13,0.293,1.6,0.2337,0.00040,272,87,304,55,-10.38,0.272,1.7,0.2337,0.00040,259,57,339,63,-11.38,0.298,1.8,0.2337,0.00041,300,66,282,70,-10.40,0.275,1.4,0.2337,0.00044,296,50,309,63
182,35.8,3600,-10.37,0.272,1.6,0.2318,0.00040,270,95,301,52,-9.85,0.256,1.7,0.2318,0.00041,277,48,356,37,-10.03,0.263,1.6,0.2318,0.00041,295,60,294,69,-9.31,0.245,1.3,0.2318,0.00045,302,55,309,52
183,36.1,3600,-9.64,0.253,1.5,0.2300,0.00040,291,61,304,62,-11.19,0.291,2.0,0.2300,0.00040,261,54,334,69,-10.14,0.266,1.6,0.2300,0.00039,322,74,289,33,-9.34,0.247,1.2,0.2300,0.00043,302,45,316,55
184,35.8,3600,-8.35,0.221,1.0,0.2281,0.00039,292,60,317,49,-8.83,0.233,1.2,0.2281,0.00041,246,59,338,75,-10.44,0.273,1.7,0.2281,0.00040,298,64,283,73,-8.97,0.236,1.3,0.2281,0.00042,299,75,277,67
185,36.4,3600,-8.49,0.224,1.2,0.2263,0.00038,281,81,309,47,-9.77,0.256,1.5,0.2263,0.00040,275,55,298,90,-10.04,0.265,1.4,0.2263,0.00039,305,92,270,51,-9.94,0.263,1.4,0.2263,0.00041,341,48,284,45
186,35.8,3600,-9.73,0.255,1.5,0.2245,0.00037,295,78,295,50,-9.12,0.239,1.5,0.2245,0.00039,273,47,340,58,-9.51,0.250,1.4,0.2245,0.00037,324,51,284,59,-10.06,0.263,1.6,0.2245,0.00043,295,80,277,66
187,36.4,3600,-9.91,0.260,1.5,0.2227,0.00039,297,59,314,48,-9.15,0.241,1.3,0.2227,0.00040,281,64,293,80,-11.20,0.292,2.0,0.2227,0.00039,301,69,282,66,-11.61,0.301,2.2,0.2227,0.00040,322,49,288,59
188,36.1,3600,-8.88,0.234,1.3,0.2209,0.00040,291,65,317,45,-12.42,0.318,2.7,0.2209,0.00039,244,44,358,72,-9.38,0.247,1.4,0.2209,0.00038,310,72,292,44,-9.95,0.262,1.5,0.2209,0.00042,308,53,299,58
189,36.4,3600,-10.34,0.269,1.8,0.2191,0.00040,293,86,294,45,-10.77,0.281,1.8,0.2191,0.00038,264,38,335,81,-10.39,0.272,1.7,0.2191,0.00037,328,66,278,46,-10.62,0.279,1.6,0.2191,0.00043,318,50,295,55
190,37.0,3600,-9.80,0.258,1.5,0.2174,0.00039,283,106,289,40,-10.24,0.268,1.7,0.2174,0.00037,236,68,324,90,-9.21,0.242,1.4,0.2174,0.00038,322,50,302,44,-11.27,0.296,1.8,0.2174,0.00041,291,76,294,57
191,36.0,3600,-9.06,0.238,1.4,0.2156,0.00035,300,70,293,55,-9.90,0.261,1.4,0.2156,0.00043,251,64,349,54,-9.71,0.255,1.4,0.2156,0.00037,296,69,312,41,-9.14,0.240,1.4,0.2156,0.00041,302,63,303,50
192,36.9,3600,-10.82,0.283,1.7,0.2139,0.00037,301,92,282,43,-12.77,0.322,3.2,0.2139,0.00045,249,54,365,50,-10.14,0.267,1.5,0.2139,0.00035,325,41,295,57,-11.48,0.299,2.0,0.2139,0.00041,315,51,292,60
193,36.7,3600,-10.80,0.284,1.6,0.2122,0.00036,304,60,295,59,-9.75,0.256,1.5,0.2122,0.00045,245,51,356,66,-9.17,0.240,1.5,0.2122,0.00035,293,76,313,36,-10.64,0.278,1.8,0.2122,0.00042,296,59,279,84
194,36.6,3600,-9.34,0.245,1.5,0.2105,0.00037,299,77,301,41,-10.80,0.281,1.9,0.2105,0.00044,242,71,358,47,-9.93,0.262,1.4,0.2105,0.00036,299,56,320,43,-9.21,0.241,1.4,0.2105,0.00041,304,48,298,68
195,36.8,3600,-9.91,0.259,1.7,0.2088,0.00036,289,94,296,39,-11.00,0.287,1.8,0.2088,0.00045,238,54,361,65,-10.54,0.273,2.0,0.2088,0.00035,327,47,296,48,-8.82,0.233,1.2,0.2088,0.00041,308,35,295,80
196,36.8,3600,-9.96,0.261,1.6,0.2072,0.00035,298,66,304,50,-10.67,0.279,1.8,0.2072,0.00045,251,49,365,53,-9.35,0.246,1.3,0.2072,0.00035,334,70,279,35,-8.80,0.233,1.2,0.2072,0.00040,323,51,300,44
197,36.3,3600,-11.20,0.289,2.2,0.2055,0.00035,278,65,317,58,-8.84,0.234,1.1,0.2055,0.00043,295,50,345,28,-9.39,0.248,1.3,0.2055,0.00034,329,59,285,45,-10.14,0.264,1.7,0.2055,0.00041,360,61,249,48
198,35.7,3600,-8.78,0.231,1.3,0.2039,0.00035,289,74,316,39,-10.93,0.283,2.0,0.2039,0.00041,290,60,311,57,-9.26,0.242,1.5,0.2039,0.00034,311,35,306,66,-12.04,0.314,2.0,0.2039,0.00039,307,74,253,84
199,36.5,3600,-10.31,0.270,1.6,0.2022,0.00036,287,55,333,43,-10.05,0.262,1.7,0.2022,0.00045,251,28,356,83,-8.93,0.235,1.3,0.2022,0.00035,286,69,313,50,-10.49,0.265,2.6,0.2022,0.00041,326,49,282,61
200,36.0,3600,-10.61,0.279,1.6,0.2006,0.00034,297,71,292,58,-9.21,0.242,1.4,0.2006,0.00044,277,46,332,63,-10.47,0.273,1.8,0.2006,0.00033,314,62,292,50,-9.24,0.244,1.3,0.2006,0.00041,301,69,304,44
201,36.4,3600,-10.23,0.266,1.8,0.1990,0.00033,268,51,325,74,-9.09,0.238,1.5,0.1990,0.00039,281,56,320,61,-10.35,0.273,1.5,0.1990,0.00036,295,72,289,62,-9.53,0.250,1.5,0.1990,0.00036,301,56,295,66
202,36.3,3600,-10.51,0.275,1.7,0.1974,0.00033,279,54,324,61,-12.43,0.320,2.5,0.1974,0.00037,264,40,357,57,-10.86,0.285,1.6,0.1974,0.00036,298,53,305,62,-11.63,0.302,2.1,0.1974,0.00036,306,57,286,69
203,37.1,3600,-9.21,0.242,1.3,0.1958,0.00032,244,62,355,57,-11.49,0.297,2.2,0.1958,0.00040,281,53,309,75,-11.26,0.292,2.1,0.1958,0.00033,331,52,277,58,-9.81,0.257,1.5,0.1958,0.00036,295,49,288,86
204,36.1,3600,-10.92,0.287,1.7,0.1943,0.00031,252,54,342,70,-10.36,0.270,1.8,0.1943,0.00039,263,48,352,55,-9.90,0.261,1.4,0.1943,0.00035,302,84,285,47,-9.18,0.241,1.4,0.1943,0.00035,319,40,269,90
205,36.1,3600,-7.84,0.207,1.1,0.1927,0.00032,287,62,328,41,-8.88,0.235,1.2,0.1927,0.00039,281,42,340,55,-8.42,0.223,1.1,0.1927,0.00035,322,56,296,44,-9.32,0.246,1.3,0.1927,0.00035,315,50,286,67
206,36.3,3600,-9.88,0.259,1.6,0.1912,0.00032,277,57,326,58,-10.01,0.264,1.4,0.1912,0.00041,274,41,339,64,-8.53,0.225,1.2,0.1912,0.00032,289,56,323,50,-9.90,0.259,1.6,0.1912,0.00034,294,39,301,84
207,36.8,3600,-9.64,0.254,1.4,0.1896,0.00032,282,77,278,81,-8.93,0.235,1.3,0.1896,0.00040,292,39,316,71,-8.33,0.220,1.1,0.1896,0.00035,312,52,294,60,-10.15,0.264,1.8,0.1896,0.00035,341,52,273,52
208,36.5,3600,-9.10,0.239,1.3,0.1881,0.00033,271,50,349,48,-10.10,0.264,1.6,0.1881,0.00038,272,46,335,65,-8.98,0.237,1.2,0.1881,0.00033,293,67,310,48,-9.18,0.241,1.4,0.1881,0.00034,314,59,295,50
209,36.1,3600,-7.92,0.208,1.2,0.1866,0.00031,272,74,328,44,-10.79,0.282,1.8,0.1866,0.00040,259,56,342,61,-8.55,0.227,1.1,0.1866,0.00032,313,59,307,39,-10.15,0.267,1.5,0.1866,0.00035,292,60,297,69
210,37.2,3600,-9.19,0.242,1.3,0.1851,0.00030,303,59,318,38,-8.63,0.226,1.4,0.1851,0.00040,248,49,368,53,-7.90,0.208,1.1,0.1851,0.00032,340,51,288,39,-8.04,0.212,1.1,0.1851,0.00035,323,39,289,67
211,36.5,3600,-9.27,0.244,1.4,0.1836,0.00030,288,57,302,71,-9.19,0.242,1.3,0.1836,0.00037,271,50,354,43,-9.77,0.256,1.5,0.1836,0.00030,325,53,284,56,-8.78,0.233,1.1,0.1836,0.00033,301,55,298,64
212,36.7,3600,-10.81,0.277,2.3,0.1822,0.00030,344,55,264,55,-8.90,0.235,1.2,0.1822,0.00036,253,50,374,41,-10.73,0.280,1.8,0.1822,0.00032,321,65,285,47,-9.64,0.253,1.5,0.1822,0.00034,268,59,321,70
213,36.5,3600,-9.55,0.253,1.2,0.1807,0.00029,320,39,305,54,-8.63,0.228,1.2,0.1807,0.00037,232,33,395,58,-8.34,0.220,1.2,0.1807,0.00031,343,68,274,33,-7.99,0.210,1.2,0.1807,0.00031,305,48,326,39
214,37.0,3600,-11.22,0.292,1.9,0.1793,0.00028,312,84,278,44,-9.37,0.247,1.3,0.1793,0.00038,248,40,373,57,-9.74,0.257,1.3,0.1793,0.00030,314,38,308,58,-8.99,0.237,1.2,0.1793,0.00031,292,40,297,89
215,36.2,3600,-8.50,0.225,1.1,0.1778,0.00028,317,45,283,73,-11.54,0.300,2.0,0.1778,0.00037,256,42,345,75,-8.52,0.225,1.2,0.1778,0.00029,289,44,337,48,-12.54,0.325,2.3,0.1778,0.00031,287,75,300,56
216,35.9,3600,-9.09,0.238,1.5,0.1764,0.00030,324,59,286,49,-9.53,0.251,1.4,0.1764,0.00036,291,45,317,65,-9.33,0.246,1.3,0.1764,0.00031,344,60,283,31,-8.71,0.229,1.3,0.1764,0.00034,294,47,332,45
217,37.3,3600,-8.69,0.230,1.1,0.1750,0.00029,318,46,272,82,-10.28,0.267,1.9,0.1750,0.00036,256,47,375,40,-9.14,0.242,1.2,0.1750,0.00029,297,61,310,50,-8.78,0.233,1.2,0.1750,0.00032,279,51,333,55
218,36.4,3600,-10.73,0.279,1.9,0.1736,0.00030,313,67,280,58,-9.21,0.243,1.3,0.1736,0.00036,277,45,329,67,-10.60,0.277,1.8,0.1736,0.00030,328,64,281,45,-10.30,0.269,1.8,0.1736,0.00032,252,68,326,72
219,36.6,3600,-9.81,0.259,1.4,0.1722,0.00030,321,63,293,41,-10.50,0.276,1.6,0.1722,0.00035,289,40,326,63,-8.38,0.223,1.0,0.1722,0.00030,299,50,329,40,-10.54,0.275,1.8,0.1722,0.00032,282,45,330,61
220,36.9,3600,-8.33,0.221,1.0,0.1708,0.00030,321,43,299,55,-8.80,0.233,1.2,0.1708,0.00035,243,47,366,62,-8.16,0.214,1.2,0.1708,0.00029,302,49,321,46,-12.03,0.296,3.8,0.1708,0.00031,266,82,321,49
221,37.1,3600,-9.48,0.249,1.4,0.1695,0.00031,324,57,278,59,-7.48,0.198,0.9,0.1695,0.00037,295,49,323,51,-8.79,0.233,1.1,0.1695,0.00031,288,28,337,65,-9.06,0.236,1.5,0.1695,0.00034,258,54,331,75
222,36.9,3600,-8.11,0.216,0.9,0.1681,0.00031,308,77,287,46,-9.72,0.256,1.4,0.1681,0.00034,277,56,332,53,-9.05,0.239,1.2,0.1681,0.00031,279,53,340,46,-9.32,0.247,1.2,0.1681,0.00033,288,42,331,57
223,37.3,3600,-9.24,0.243,1.4,0.1668,0.00030,329,52,297,40,-8.24,0.218,1.1,0.1668,0.00033,281,45,325,67,-8.33,0.220,1.1,0.1668,0.00031,280,59,322,57,-8.59,0.227,1.2,0.1668,0.00033,288,47,338,45
224,36.5,3600,-9.25,0.244,1.3,0.1654,0.00030,310,74,276,58,-10.05,0.264,1.5,0.1654,0.00032,279,54,292,93,-10.50,0.273,1.9,0.1654,0.00029,270,68,328,52,-10.24,0.270,1.5,0.1654,0.00033,267,35,341,75
225,36.2,3600,-8.42,0.223,1.1,0.1641,0.00030,319,93,269,37,-7.47,0.198,0.9,0.1641,0.00034,284,40,333,61,-8.35,0.221,1.1,0.1641,0.00030,293,45,332,48,-9.96,0.261,1.5,0.1641,0.00032,249,53,352,64
226,36.6,3600,-9.91,0.261,1.4,0.1628,0.00031,339,62,282,35,-8.39,0.223,1.0,0.1628,0.00033,316,24,317,61,-8.30,0.219,1.1,0.1628,0.00030,335,45,285,53,-9.67,0.255,1.4,0.1628,0.00034,271,41,343,63
227,36.5,3600,-11.05,0.289,1.8,0.1615,0.00032,309,71,288,50,-9.92,0.260,1.5,0.1615,0.00033,267,62,321,68,-9.40,0.248,1.3,0.1615,0.00030,285,50,357,26,-9.62,0.254,1.4,0.1615,0.00034,263,46,371,38
228,37.2,3600,-9.76,0.257,1.4,0.1602,0.00031,322,76,286,34,-9.73,0.254,1.6,0.1602,0.00035,282,36,337,63,-9.25,0.243,1.4,0.1602,0.00029,292,50,323,53,-8.95,0.236,1.3,0.1602,0.00031,265,64,339,50
229,35.8,3600,-9.74,0.256,1.4,0.1589,0.00031,341,57,284,36,-10.57,0.276,1.7,0.1589,0.00033,255,43,362,58,-9.53,0.252,1.3,0.1589,0.00028,313,38,307,60,-9.29,0.245,1.3,0.1589,0.00034,232,42,375,69
230,37.1,3600,-8.83,0.233,1.2,0.1576,0.00032,317,40,321,40,-10.06,0.264,1.5,0.1576,0.00032,296,49,331,42,-8.07,0.215,1.0,0.1576,0.00029,289,45,341,43,-9.11,0.241,1.2,0.1576,0.00033,246,57,366,49
231,36.0,3600,-9.63,0.253,1.4,0.1564,0.00029,326,49,281,62,-9.46,0.250,1.3,0.1564,0.00034,291,55,319,53,-9.01,0.238,1.2,0.1564,0.00029,310,46,319,43,-9.76,0.256,1.5,0.1564,0.00030,266,66,324,62
232,37.1,3600,-8.32,0.220,1.1,0.1551,0.00031,316,59,308,35,-9.52,0.250,1.4,0.1551,0.00037,278,30,362,48,-8.95,0.237,1.1,0.1551,0.00029,298,55,314,51,-8.58,0.228,1.0,0.1551,0.00030,296,44,335,43
233,36.2,3600,-8.93,0.235,1.3,0.1539,0.00029,299,77,303,39,-10.17,0.267,1.5,0.1539,0.00036,307,70,309,32,-9.60,0.252,1.4,0.1539,0.00028,282,36,323,77,-9.03,0.238,1.3,0.1539,0.00032,320,49,282,67
234,36.7,3600,-8.84,0.235,1.1,0.1527,0.00029,326,55,290,47,-8.64,0.228,1.2,0.1527,0.00035,276,49,329,64,-7.85,0.209,1.0,0.1527,0.00028,287,32,357,42,-8.92,0.237,1.1,0.1527,0.00031,288,67,300,63
235,36.9,3600,-9.16,0.240,1.4,0.1514,0.00030,337,53,294,34,-9.30,0.245,1.4,0.1514,0.00035,306,50,305,57,-9.64,0.256,1.2,0.1514,0.00028,305,50,306,57,-9.36,0.247,1.3,0.1514,0.00030,291,51,319,57
236,36.8,3600,-10.94,0.287,1.7,0.1502,0.00029,314,65,306,33,-8.62,0.228,1.2,0.1502,0.00036,301,36,341,40,-9.34,0.246,1.4,0.1502,0.00028,266,59,336,57,-8.05,0.213,1.1,0.1502,0.00030,280,56,329,53
237,37.1,3600,-8.75,0.231,1.3,0.1490,0.00030,360,44,264,50,-8.27,0.219,1.1,0.1490,0.00036,290,35,351,42,-10.04,0.264,1.5,0.1490,0.00029,288,30,334,66,-10.92,0.284,1.9,0.1490,0.00030,298,56,312,52
238,36.4,3600,-8.86,0.234,1.2,0.1478,0.00029,310,80,298,30,-8.08,0.213,1.1,0.1478,0.00036,319,27,312,60,-8.74,0.231,1.1,0.1478,0.00028,308,37,324,49,-10.22,0.268,1.6,0.1478,0.00030,282,55,316,65
239,36.9,3600,-9.43,0.249,1.3,0.1467,0.00029,312,57,315,34,-7.50,0.199,1.0,0.1467,0.00035,277,31,350,60,-7.76,0.206,1.0,0.1467,0.00027,286,35,348,49,-10.04,0.256,2.3,0.1467,0.00032,281,45,289,103
240,36.0,3600,-9.33,0.245,1.4,0.1455,0.00029,317,57,273,71,-9.53,0.252,1.3,0.1455,0.00034,312,33,316,57,-8.44,0.223,1.2,0.1455,0.00028,299,68,303,48,-8.78,0.233,1.1,0.1455,0.00029,297,48,339,34
241,36.7,3600,-10.46,0.273,1.8,0.1443,0.00030,323,51,305,39,-8.68,0.228,1.3,0.1443,0.00039,307,41,331,39,-8.76,0.232,1.1,0.1443,0.00026,329,37,293,59,-8.44,0.224,1.1,0.1443,0.00031,268,45,362,43
242,36.2,3600,-8.75,0.232,1.1,0.1432,0.00031,329,68,296,25,-8.12,0.214,1.1,0.1432,0.00035,265,26,367,60,-8.05,0.214,1.0,0.1432,0.00027,355,57,271,35,-8.71,0.231,1.1,0.1432,0.00031,300,41,328,49
243,37.3,3600,-7.70,0.205,0.9,0.1420,0.00030,325,44,315,34,-7.84,0.208,1.0,0.1420,0.00034,330,34,306,48,-9.39,0.247,1.3,0.1420,0.00028,330,36,309,43,-8.61,0.228,1.1,0.1420,0.00032,286,34,334,64
244,36.2,3600,-8.90,0.235,1.2,0.1409,0.00030,299,57,323,39,-8.66,0.229,1.1,0.1409,0.00035,292,30,335,61,-9.06,0.240,1.2,0.1409,0.00027,329,47,290,52,-8.25,0.217,1.2,0.1409,0.00031,279,41,354,44
245,37.0,3600,-8.58,0.228,1.1,0.1398,0.00030,286,65,339,28,-7.69,0.204,1.0,0.1398,0.00034,291,33,343,51,-10.33,0.263,2.4,0.1398,0.00026,326,38,315,39,-8.73,0.231,1.2,0.1398,0.00032,314,65,271,68
246,36.4,3600,-8.76,0.232,1.2,0.1386,0.00028,300,57,318,43,-8.58,0.227,1.2,0.1386,0.00035,275,28,351,64,-9.23,0.240,1.6,0.1386,0.00027,342,33,307,36,-9.50,0.252,1.2,0.1386,0.00030,296,62,315,45
247,36.5,3600,-8.88,0.234,1.2,0.1375,0.00029,348,39,284,47,-9.09,0.239,1.3,0.1375,0.00033,275,25,361,57,-7.82,0.208,1.0,0.1375,0.00027,341,61,290,26,-9.54,0.251,1.4,0.1375,0.00030,304,43,296,75
248,36.8,3600,-8.27,0.219,1.0,0.1364,0.00027,345,70,274,29,-8.40,0.221,1.2,0.1364,0.00035,286,46,345,41,-8.34,0.220,1.2,0.1364,0.00025,360,30,291,37,-8.51,0.226,1.0,0.1364,0.00029,287,52,306,73
249,37.1,3600,-8.46,0.224,1.1,0.1353,0.00029,317,44,313,44,-8.19,0.217,1.0,0.1353,0.00033,314,22,348,34,-11.37,0.294,2.2,0.1353,0.00027,344,52,284,38,-8.79,0.230,1.4,0.1353,0.00029,290,39,326,63
250,36.4,3600,-7.76,0.205,1.1,0.1343,0.00029,325,58,308,27,-7.96,0.211,1.1,0.1343,0.00032,286,25,366,41,-7.61,0.202,0.9,0.1343,0.00026,340,34,308,36,-6.98,0.186,0.8,0.1343,0.00029,310,33,306,69
251,36.2,3600,-7.62,0.203,0.9,0.1332,0.00031,339,54,306,19,-11.12,0.289,2.0,0.1332,0.00036,321,36,314,47,-7.37,0.197,0.8,0.1332,0.00031,384,44,249,41,-7.54,0.199,1.0,0.1332,0.00031,273,51,340,54
252,36.8,3600,-7.57,0.201,0.9,0.1321,0.00032,331,52,305,30,-8.05,0.214,1.0,0.1321,0.00038,271,23,378,46,-7.43,0.198,0.9,0.1321,0.00031,324,66,294,34,-9.16,0.242,1.3,0.1321,0.00031,310,45,311,52
253,36.3,3600,-7.47,0.199,0.9,0.1311,0.00034,365,57,272,24,-6.67,0.178,0.7,0.1311,0.00035,300,19,352,47,-7.09,0.189,0.8,0.1311,0.00030,341,50,302,25,-7.34,0.195,0.9,0.1311,0.00030,287,25,353,53
254,36.1,3600,-8.17,0.217,1.0,0.1300,0.00033,314,62,300,42,-7.80,0.206,1.1,0.1300,0.00034,286,36,363,33,-7.88,0.209,1.0,0.1300,0.00029,313,70,305,30,-7.79,0.205,1.1,0.1300,0.00029,292,24,336,66
255,37.1,3600,-7.42,0.197,0.9,0.1290,0.00033,299,66,331,22,-8.63,0.226,1.3,0.1290,0.00037,275,34,342,67,-9.13,0.239,1.4,0.1290,0.00029,342,48,299,29,-8.86,0.233,1.3,0.1290,0.00030,321,39,303,55
256,37.1,3600,-7.79,0.206,1.0,0.1279,0.00034,325,60,304,29,-9.26,0.240,1.7,0.1279,0.00036,252,31,378,57,-8.17,0.217,1.0,0.1279,0.00031,315,41,305,57,-7.86,0.208,1.0,0.1279,0.00030,316,34,327,41
257,37.0,3600,-8.74,0.230,1.2,0.1269,0.00031,333,50,302,33,-7.96,0.212,0.9,0.1269,0.00035,256,23,391,48,-8.76,0.233,1.1,0.1269,0.00029,362,53,267,36,-7.84,0.209,0.9,0.1269,0.00029,284,28,349,57
258,36.3,3600,-8.26,0.219,1.0,0.1259,0.00033,361,41,287,29,-9.69,0.255,1.4,0.1259,0.00034,292,35,352,39,-7.77,0.206,1.0,0.1259,0.00031,319,41,327,31,-7.35,0.196,0.9,0.1259,0.00030,310,30,328,50
259,36.8,3600,-7.72,0.204,1.0,0.1249,0.00033,324,76,271,47,-7.84,0.205,1.3,0.1249,0.00034,253,35,372,58,-6.93,0.184,0.8,0.1249,0.00030,322,76,284,36,-7.08,0.188,0.8,0.1249,0.00030,307,27,326,58
260,36.9,3600,-8.03,0.213,1.0,0.1239,0.00031,329,36,311,42,-9.18,0.242,1.3,0.1239,0.00035,285,29,363,41,-8.08,0.216,0.9,0.1239,0.00029,319,44,326,29,-9.31,0.247,1.2,0.1239,0.00028,292,30,363,33
261,36.7,3600,-8.89,0.235,1.2,0.1229,0.00028,333,43,286,56,-7.50,0.199,0.9,0.1229,0.00030,279,31,357,51,-9.12,0.241,1.2,0.1229,0.00029,291,66,336,25,-7.96,0.211,1.0,0.1229,0.00031,313,29,322,54
262,36.8,3600,-8.88,0.235,1.2,0.1219,0.00027,303,89,287,39,-9.21,0.242,1.3,0.1219,0.00030,269,32,338,79,-8.70,0.231,1.0,0.1219,0.00029,305,65,312,36,-8.97,0.237,1.2,0.1219,0.00029,246,46,388,38
263,36.9,3600,-7.96,0.210,1.1,0.1209,0.00026,339,43,300,36,-9.37,0.245,1.5,0.1209,0.00032,255,63,318,82,-7.88,0.208,1.1,0.1209,0.00029,334,54,295,35,-8.52,0.225,1.1,0.1209,0.00029,261,37,372,48
264,36.8,3600,-8.79,0.233,1.1,0.1200,0.00028,340,52,286,40,-9.56,0.251,1.5,0.1200,0.00031,276,41,358,43,-8.47,0.225,1.0,0.1200,0.00029,332,30,332,24,-7.64,0.204,0.8,0.1200,0.00030,283,23,365,47
265,36.5,3600,-7.35,0.196,0.9,0.1190,0.00030,325,48,310,35,-8.20,0.215,1.3,0.1190,0.00029,263,37,353,65,-8.29,0.220,1.0,0.1190,0.00028,314,68,295,41,-8.55,0.226,1.1,0.1190,0.00030,256,38,351,73
266,36.8,3600,-8.00,0.212,1.0,0.1181,0.00027,332,60,291,35,-8.45,0.224,1.1,0.1181,0.00030,297,54,324,43,-8.02,0.212,1.1,0.1181,0.00030,302,43,335,38,-8.93,0.235,1.3,0.1181,0.00030,291,29,348,50
267,36.2,3600,-8.22,0.218,1.0,0.1171,0.00027,296,49,333,40,-8.24,0.220,0.9,0.1171,0.00028,247,39,374,58,-7.53,0.200,0.9,0.1171,0.00026,299,47,340,32,-8.74,0.232,1.1,0.1171,0.00029,302,21,353,42
268,36.8,3600,-8.96,0.237,1.2,0.1162,0.00028,330,45,307,36,-8.05,0.213,1.0,0.1162,0.00027,273,35,372,38,-7.50,0.199,1.0,0.1162,0.00027,329,65,287,37,-8.69,0.230,1.1,0.1162,0.00030,248,39,350,81
269,36.6,3600,-7.09,0.188,0.9,0.1152,0.00027,333,58,290,37,-8.32,0.221,1.0,0.1152,0.00028,253,63,347,55,-7.02,0.186,0.9,0.1152,0.00029,327,51,303,37,-7.09,0.189,0.8,0.1152,0.00028,296,23,369,30
270,36.9,3600,-9.08,0.240,1.2,0.1143,0.00027,371,37,281,29,-8.57,0.227,1.1,0.1143,0.00030,259,30,364,65,-9.75,0.258,1.3,0.1143,0.00027,286,53,326,53,-9.13,0.241,1.2,0.1143,0.00028,269,28,367,54
271,36.7,3600,-7.94,0.211,0.9,0.1134,0.00024,354,34,301,29,-8.61,0.228,1.2,0.1134,0.00025,283,31,369,35,-8.55,0.228,1.0,0.1134,0.00028,334,46,306,32,-7.85,0.209,0.9,0.1134,0.00030,294,26,356,42
272,36.6,3600,-7.79,0.207,0.9,0.1125,0.00025,322,38,318,40,-7.89,0.206,1.3,0.1125,0.00026,281,35,353,49,-7.26,0.193,0.9,0.1125,0.00026,306,52,318,42,-8.11,0.216,0.9,0.1125,0.00029,280,17,379,42
273,36.7,3600,-8.27,0.219,1.1,0.1116,0.00026,323,63,296,36,-9.01,0.237,1.3,0.1116,0.00031,297,39,341,41,-7.83,0.207,1.1,0.1116,0.00030,371,55,262,30,-8.01,0.212,1.0,0.1116,0.00028,257,43,373,45
274,35.9,3600,-9.86,0.260,1.4,0.1107,0.00027,321,56,307,34,-8.91,0.235,1.2,0.1107,0.00028,263,38,365,52,-8.21,0.217,1.0,0.1107,0.00028,319,46,312,41,-8.77,0.231,1.3,0.1107,0.00029,250,29,368,71
275,36.9,3600,-8.06,0.212,1.1,0.1098,0.00024,332,61,283,42,-9.17,0.242,1.3,0.1098,0.00032,285,40,342,51,-8.96,0.236,1.3,0.1098,0.00028,324,39,309,46,-7.54,0.200,1.0,0.1098,0.00030,247,36,389,46
276,36.7,3600,-7.72,0.206,0.9,0.1089,0.00024,318,47,331,22,-8.97,0.237,1.3,0.1089,0.00028,252,35,348,83,-9.92,0.262,1.3,0.1089,0.00027,315,47,306,50,-7.79,0.207,0.9,0.1089,0.00027,257,34,376,51
277,37.0,3600,-8.08,0.214,1.0,0.1081,0.00025,307,82,299,30,-8.91,0.235,1.2,0.1081,0.00027,277,27,334,80,-8.57,0.228,1.0,0.1081,0.00027,328,52,273,65,-7.30,0.195,0.8,0.1081,0.00027,254,25,355,84
278,36.2,3600,-6.90,0.184,0.7,0.1072,0.00025,323,63,297,35,-7.12,0.189,0.9,0.1072,0.00029,247,53,377,41,-7.33,0.195,0.9,0.1072,0.00030,340,71,275,32,-8.66,0.227,1.4,0.1072,0.00029,271,39,370,38
279,36.5,3600,-8.58,0.227,1.1,0.1064,0.00025,311,71,260,76,-9.84,0.258,1.5,0.1064,0.00027,278,39,347,54,-7.93,0.211,1.0,0.1064,0.00026,320,25,331,42,-8.41,0.223,1.1,0.1064,0.00027,265,33,380,40
280,36.8,3600,-8.72,0.230,1.2,0.1055,0.00025,318,57,303,40,-7.30,0.193,0.9,0.1055,0.00030,301,34,340,43,-8.26,0.219,1.1,0.1055,0.00028,306,76,285,51,-7.46,0.199,0.9,0.1055,0.00030,274,25,361,58
281,36.7,3600,-7.85,0.208,1.0,0.1047,0.00025,349,55,268,46,-7.20,0.192,0.8,0.1047,0.00028,247,32,375,64,-7.71,0.204,1.0,0.1047,0.00032,320,35,329,34,-7.49,0.200,0.8,0.1047,0.00027,301,30,366,21
282,37.3,3600,-7.78,0.204,1.2,0.1038,0.00025,328,60,286,44,-7.82,0.207,1.0,0.1038,0.00031,270,32,347,69,-7.34,0.195,0.9,0.1038,0.00030,331,48,307,32,-8.06,0.214,1.0,0.1038,0.00028,285,36,353,44
283,36.5,3600,-7.30,0.194,0.8,0.1030,0.00025,343,36,288,51,-8.06,0.212,1.2,0.1030,0.00029,273,65,351,29,-7.43,0.198,0.9,0.1030,0.00031,294,28,362,34,-7.18,0.191,0.9,0.1030,0.00030,274,32,332,80
284,37.4,3600,-7.92,0.211,0.9,0.1022,0.00027,352,47,290,29,-6.72,0.180,0.7,0.1022,0.00028,255,25,402,36,-8.33,0.222,1.0,0.1022,0.00033,316,38,317,47,-6.99,0.186,0.8,0.1022,0.00029,280,17,365,56
285,36.5,3600,-8.62,0.228,1.2,0.1014,0.00026,326,61,287,44,-7.90,0.210,0.9,0.1014,0.00027,295,34,353,36,-9.21,0.243,1.2,0.1014,0.00030,299,44,332,43,-8.13,0.215,1.1,0.1014,0.00027,276,45,346,51
286,36.9,3600,-8.40,0.224,1.0,0.1005,0.00026,335,28,322,33,-7.90,0.210,1.0,0.1005,0.00026,267,32,367,52,-8.17,0.217,1.0,0.1005,0.00033,350,52,295,21,-7.65,0.204,0.8,0.1005,0.00027,291,29,360,38
287,36.8,3600,-7.86,0.209,0.9,0.0997,0.00025,335,82,272,29,-8.96,0.236,1.2,0.0997,0.00029,273,51,348,46,-7.13,0.190,0.8,0.0997,0.00031,327,50,305,36,-7.35,0.196,0.9,0.0997,0.00030,273,26,346,73
288,36.9,3600,-9.30,0.246,1.2,0.0989,0.00024,302,62,315,39,-8.07,0.213,1.1,0.0989,0.00028,264,38,365,51,-7.21,0.192,0.8,0.0989,0.00033,324,28,339,27,-6.69,0.179,0.7,0.0989,0.00026,315,18,326,59
289,36.9,3600,-7.87,0.210,0.9,0.0981,0.00024,337,52,285,44,-8.33,0.222,1.0,0.0981,0.00027,251,44,371,52,-7.42,0.198,0.8,0.0981,0.00031,270,42,383,23,-7.50,0.200,0.8,0.0981,0.00026,297,16,369,36
290,37.3,3600,-6.99,0.186,0.8,0.0974,0.00023,318,66,312,22,-7.85,0.208,1.0,0.0974,0.00027,265,51,370,32,-7.62,0.201,1.1,0.0974,0.00030,314,36,342,26,-8.33,0.221,1.1,0.0974,0.00027,302,33,315,68
291,37.3,3600,-10.71,0.280,1.7,0.0966,0.00024,310,54,311,43,-9.81,0.257,1.5,0.0966,0.00027,305,28,325,60,-9.29,0.244,1.4,0.0966,0.00029,301,47,317,53,-8.58,0.228,1.0,0.0966,0.00026,289,20,378,31
292,36.5,3600,-8.01,0.213,1.0,0.0958,0.00024,300,53,329,36,-9.37,0.248,1.2,0.0958,0.00025,257,34,384,43,-8.73,0.231,1.2,0.0958,0.00029,291,48,356,23,-8.74,0.231,1.2,0.0958,0.00028,240,21,407,50
293,36.9,3600,-8.25,0.219,1.0,0.0950,0.00024,314,60,300,44,-7.62,0.203,0.9,0.0950,0.00024,269,24,386,39,-7.79,0.206,1.0,0.0950,0.00030,322,66,309,21,-7.53,0.200,0.9,0.0950,0.00026,267,19,385,47
294,37.2,3600,-8.27,0.219,1.1,0.0943,0.00026,311,39,343,25,-8.59,0.228,1.1,0.0943,0.00026,276,52,357,33,-8.06,0.214,1.0,0.0943,0.00029,333,49,311,25,-6.70,0.178,0.8,0.0943,0.00026,269,25,375,49
295,37.5,3600,-8.56,0.227,1.1,0.0935,0.00025,331,30,315,42,-7.73,0.204,1.1,0.0935,0.00026,240,43,380,55,-7.82,0.208,1.0,0.0935,0.00028,344,58,297,19,-7.57,0.202,0.9,0.0935,0.00027,288,39,367,24
296,37.0,3600,-7.51,0.200,0.9,0.0928,0.00024,295,38,347,38,-7.30,0.193,1.0,0.0928,0.00026,281,44,357,36,-6.14,0.164,0.6,0.0928,0.00027,343,45,315,15,-7.03,0.188,0.8,0.0928,0.00028,281,32,365,40
297,36.9,3600,-7.94,0.211,1.0,0.0920,0.00024,318,54,320,26,-6.93,0.185,0.8,0.0920,0.00024,277,41,367,33,-7.13,0.190,0.8,0.0920,0.00028,356,33,308,21,-7.52,0.200,0.9,0.0920,0.00025,252,29,407,30
298,37.0,3600,-7.04,0.187,0.9,0.0913,0.00025,314,43,320,41,-8.30,0.218,1.2,0.0913,0.00024,251,59,373,35,-7.17,0.191,0.8,0.0913,0.00027,366,44,281,27,-7.81,0.207,0.9,0.0913,0.00027,237,41,389,51
299,37.0,3600,-8.95,0.236,1.2,0.0906,0.00023,339,33,295,51,-8.06,0.215,0.9,0.0906,0.00025,266,75,350,27,-8.06,0.214,0.9,0.0906,0.00029,318,22,339,39,-7.78,0.206,1.0,0.0906,0.00028,250,21,379,68
300,37.7,3600,-8.23,0.218,1.1,0.0898,0.00025,324,34,320,40,-8.00,0.212,1.0,0.0898,0.00028,253,55,339,71,-6.65,0.177,0.7,0.0898,0.00028,343,37,308,30,-7.30,0.195,0.7,0.0898,0.00028,254,28,395,41
301,36.6,3600,-6.78,0.180,0.8,0.0891,0.00024,328,45,318,27,-7.59,0.202,0.9,0.0891,0.00029,292,29,361,36,-7.29,0.194,0.8,0.0891,0.00029,325,30,334,29,-7.53,0.199,1.0,0.0891,0.00028,251,15,380,72
302,37.1,3600,-8.61,0.228,1.1,0.0884,0.00025,316,42,336,24,-7.88,0.209,0.9,0.0884,0.00028,282,52,362,22,-7.39,0.197,0.8,0.0884,0.00028,325,24,328,41,-9.70,0.250,1.9,0.0884,0.00025,254,26,340,98
303,36.3,3600,-6.43,0.171,0.7,0.0877,0.00025,308,49,336,25,-6.92,0.184,0.8,0.0877,0.00030,284,21,385,28,-8.70,0.230,1.2,0.0877,0.00027,322,37,292,67,-7.05,0.187,0.9,0.0877,0.00024,269,45,375,29
304,37.5,3600,-7.26,0.193,0.9,0.0870,0.00024,318,75,296,29,-6.78,0.181,0.8,0.0870,0.00028,278,17,370,53,-7.09,0.190,0.7,0.0870,0.00028,364,26,292,36,-7.52,0.200,0.9,0.0870,0.00024,284,19,366,49
305,36.8,3600,-9.25,0.244,1.2,0.0863,0.00025,302,46,319,51,-7.12,0.190,0.8,0.0863,0.00029,273,28,389,28,-8.18,0.218,0.9,0.0863,0.00029,362,31,303,22,-8.12,0.216,0.9,0.0863,0.00025,261,41,369,47
306,37.1,3600,-8.27,0.219,1.1,0.0856,0.00025,300,56,305,57,-7.96,0.212,0.9,0.0856,0.00029,306,24,345,43,-8.63,0.229,1.1,0.0856,0.00029,340,36,304,38,-7.95,0.212,0.9,0.0856,0.00026,297,20,364,37
307,37.1,3600,-7.56,0.202,0.8,0.0849,0.00024,326,45,303,44,-9.07,0.239,1.3,0.0849,0.00028,305,41,318,54,-8.20,0.217,1.1,0.0849,0.00027,336,45,310,27,-8.32,0.221,1.0,0.0849,0.00024,276,29,354,59
308,36.7,3600,-6.82,0.181,0.8,0.0843,0.00025,324,52,307,35,-7.61,0.203,0.9,0.0843,0.00028,297,41,333,47,-6.92,0.185,0.7,0.0843,0.00027,330,36,336,16,-7.33,0.195,0.9,0.0843,0.00023,272,37,371,38
309,37.3,3600,-8.45,0.225,1.0,0.0836,0.00023,344,36,301,37,-7.12,0.190,0.8,0.0836,0.00026,286,35,369,28,-7.36,0.196,0.8,0.0836,0.00030,359,33,295,31,-7.39,0.196,0.9,0.0836,0.00025,272,32,379,35
310,36.2,3600,-7.72,0.204,1.0,0.0829,0.00025,332,23,320,43,-6.79,0.181,0.8,0.0829,0.00029,272,23,365,58,-6.76,0.180,0.8,0.0829,0.00027,338,58,298,24,-7.94,0.210,1.1,0.0829,0.00027,303,26,350,39
311,36.6,3600,-7.97,0.212,1.0,0.0822,0.00027,316,48,320,34,-7.80,0.206,1.1,0.0822,0.00028,276,29,390,23,-8.72,0.231,1.1,0.0822,0.00027,339,36,281,62,-7.32,0.196,0.8,0.0822,0.00024,314,14,319,71
312,36.5,3600,-7.30,0.195,0.8,0.0816,0.00025,306,48,322,42,-7.56,0.201,0.9,0.0816,0.00028,272,82,327,37,-7.61,0.203,0.8,0.0816,0.00029,378,32,275,33,-8.25,0.219,1.0,0.0816,0.00027,245,65,352,56
313,37.5,3600,-6.94,0.185,0.7,0.0809,0.00026,313,41,342,22,-7.46,0.199,0.9,0.0809,0.00025,273,59,343,43,-8.01,0.212,1.1,0.0809,0.00025,303,60,329,26,-7.24,0.193,0.9,0.0809,0.00027,320,26,325,47
314,37.0,3600,-6.89,0.183,0.8,0.0803,0.00024,348,28,301,41,-6.59,0.176,0.8,0.0803,0.00026,286,50,365,17,-6.99,0.186,0.8,0.0803,0.00026,372,31,268,47,-7.56,0.200,1.0,0.0803,0.00028,276,23,399,20
315,36.5,3600,-7.60,0.202,0.9,0.0796,0.00024,302,39,342,35,-7.56,0.201,0.9,0.0796,0.00026,237,33,391,57,-6.99,0.187,0.7,0.0796,0.00026,376,35,277,30,-7.54,0.201,0.9,0.0796,0.00027,277,28,366,47
316,37.0,3600,-8.15,0.216,1.1,0.0790,0.00028,331,34,317,36,-8.11,0.215,1.1,0.0790,0.00026,320,30,342,26,-7.79,0.207,0.9,0.0790,0.00028,322,80,283,33,-8.19,0.218,1.0,0.0790,0.00026,297,11,372,38
317,36.9,3600,-7.85,0.209,0.9,0.0784,0.00026,321,39,312,46,-7.23,0.192,0.9,0.0784,0.00026,315,33,339,31,-8.16,0.218,0.9,0.0784,0.00027,329,63,293,33,-6.79,0.181,0.7,0.0784,0.00025,269,14,412,23
318,37.4,3600,-7.35,0.196,0.8,0.0778,0.00026,312,30,337,39,-6.62,0.177,0.7,0.0778,0.00024,271,36,359,52,-7.48,0.199,0.9,0.0778,0.00027,340,47,305,26,-7.67,0.203,1.0,0.0778,0.00026,268,31,374,45
319,37.4,3600,-7.66,0.204,0.9,0.0771,0.00023,309,22,350,37,-8.13,0.216,0.9,0.0771,0.00025,279,63,340,36,-7.23,0.193,0.8,0.0771,0.00027,360,44,278,36,-8.27,0.220,1.0,0.0771,0.00024,311,21,336,50
320,37.6,3600,-7.95,0.212,0.9,0.0765,0.00025,324,30,318,46,-6.82,0.182,0.7,0.0765,0.00024,310,23,361,24,-7.79,0.207,1.0,0.0765,0.00026,353,78,244,43,-7.31,0.195,0.8,0.0765,0.00025,280,26,391,21
321,37.3,3600,-8.61,0.228,1.2,0.0759,0.00025,309,41,308,60,-8.74,0.231,1.2,0.0759,0.00026,282,33,365,38,-7.43,0.197,0.9,0.0759,0.00026,303,59,333,23,-7.26,0.193,0.8,0.0759,0.00025,315,17,367,19
322,37.0,3600,-7.92,0.211,0.9,0.0753,0.00024,298,53,320,47,-7.69,0.205,0.8,0.0753,0.00027,283,29,371,35,-7.63,0.204,0.8,0.0753,0.00024,336,32,327,23,-7.26,0.193,0.8,0.0753,0.00024,300,20,359,39
323,37.0,3600,-8.08,0.215,0.9,0.0747,0.00026,307,57,317,37,-8.80,0.233,1.1,0.0747,0.00027,274,67,333,44,-8.85,0.235,1.1,0.0747,0.00026,296,26,359,37,-8.43,0.223,1.1,0.0747,0.00024,271,29,390,28
324,36.9,3600,-7.41,0.198,0.8,0.0741,0.00024,287,48,338,45,-7.09,0.189,0.8,0.0741,0.00026,281,27,362,48,-6.89,0.184,0.7,0.0741,0.00025,310,42,348,18,-7.62,0.203,0.9,0.0741,0.00025,301,26,364,27
325,37.6,3600,-8.68,0.231,1.0,0.0735,0.00027,330,47,314,27,-7.28,0.195,0.7,0.0735,0.00026,283,36,357,42,-7.04,0.188,0.7,0.0735,0.00024,292,50,363,13,-8.11,0.216,1.0,0.0735,0.00023,273,31,360,54
326,37.4,3600,-7.16,0.191,0.8,0.0729,0.00026,294,34,348,42,-7.80,0.206,1.1,0.0729,0.00026,276,39,339,64,-7.38,0.196,0.9,0.0729,0.00027,304,51,328,35,-7.15,0.191,0.8,0.0729,0.00024,287,30,369,32
327,37.2,3600,-7.70,0.205,0.8,0.0723,0.00026,330,41,293,54,-7.12,0.190,0.8,0.0723,0.00027,272,28,358,60,-7.34,0.195,0.9,0.0723,0.00026,288,44,361,25,-8.07,0.214,1.0,0.0723,0.00023,283,24,360,51
328,37.2,3600,-7.53,0.200,0.9,0.0718,0.00025,287,52,348,31,-6.76,0.181,0.7,0.0718,0.00026,278,36,378,26,-7.93,0.211,0.9,0.0718,0.00024,307,45,340,26,-7.00,0.187,0.8,0.0718,0.00024,281,23,386,28
329,36.9,3600,-7.88,0.210,0.9,0.0712,0.00025,324,53,313,28,-6.84,0.182,0.8,0.0712,0.00024,313,24,352,29,-7.13,0.190,0.8,0.0712,0.00025,304,42,353,19,-8.66,0.229,1.2,0.0712,0.00025,303,32,346,37
330,37.1,3600,-7.59,0.202,0.9,0.0706,0.00023,342,38,285,53,-7.10,0.189,0.8,0.0706,0.00029,276,24,373,45,-6.71,0.180,0.7,0.0706,0.00023,281,46,357,34,-6.63,0.176,0.8,0.0706,0.00027,318,25,348,27
331,36.8,3600,-6.85,0.182,0.9,0.0700,0.00027,299,38,368,13,-7.50,0.200,0.9,0.0700,0.00026,302,39,340,37,-8.45,0.223,1.2,0.0700,0.00023,303,47,311,57,-6.30,0.169,0.6,0.0700,0.00025,294,7,383,34
332,36.6,3600,-8.90,0.235,1.2,0.0695,0.00026,304,35,333,46,-7.62,0.203,0.9,0.0695,0.00027,295,24,374,25,-8.90,0.234,1.3,0.0695,0.00027,319,72,287,40,-7.57,0.202,0.8,0.0695,0.00027,324,10,358,26
333,37.1,3600,-8.54,0.227,1.0,0.0689,0.00025,281,60,334,43,-6.68,0.179,0.7,0.0689,0.00027,303,33,336,46,-7.87,0.210,0.9,0.0689,0.00024,306,52,314,46,-6.49,0.174,0.6,0.0689,0.00024,301,6,388,23
334,37.5,3600,-8.21,0.218,1.0,0.0684,0.00027,271,61,354,32,-6.25,0.168,0.6,0.0684,0.00027,264,28,393,33,-7.73,0.206,0.9,0.0684,0.00024,331,62,311,14,-6.16,0.165,0.6,0.0684,0.00026,258,14,405,41
335,36.8,3600,-6.91,0.185,0.7,0.0678,0.00026,344,50,296,28,-6.89,0.184,0.7,0.0678,0.00026,303,28,367,20,-7.25,0.193,0.8,0.0678,0.00027,308,56,345,9,-7.02,0.187,0.8,0.0678,0.00027,259,37,375,47
336,36.9,3600,-8.10,0.216,0.9,0.0673,0.00024,282,48,340,48,-7.13,0.190,0.8,0.0673,0.00026,290,35,364,29,-6.81,0.182,0.7,0.0673,0.00025,351,37,299,31,-6.97,0.186,0.8,0.0673,0.00026,306,19,341,52
337,36.5,3600,-6.43,0.172,0.6,0.0667,0.00028,322,34,347,15,-8.80,0.229,1.5,0.0667,0.00028,258,27,392,41,-7.10,0.189,0.8,0.0667,0.00025,328,39,303,48,-7.25,0.193,0.8,0.0667,0.00025,270,16,413,19
338,36.7,3600,-7.20,0.191,0.9,0.0662,0.00026,304,39,347,28,-6.51,0.174,0.7,0.0662,0.00024,272,19,392,35,-7.00,0.186,0.8,0.0662,0.00022,367,44,294,13,-6.26,0.168,0.6,0.0662,0.00023,272,11,387,48
339,36.5,3600,-8.00,0.213,1.0,0.0657,0.00026,295,52,324,47,-7.50,0.199,0.9,0.0657,0.00027,268,18,377,55,-7.15,0.191,0.8,0.0657,0.00023,345,40,308,25,-6.69,0.178,0.8,0.0657,0.00024,264,29,408,17
340,36.4,3600,-8.45,0.225,1.0,0.0652,0.00028,284,39,347,48,-7.36,0.196,0.8,0.0652,0.00026,282,25,378,33,-7.59,0.202,0.9,0.0652,0.00024,298,63,322,35,-7.60,0.202,0.9,0.0652,0.00025,295,25,353,45
341,37.0,3600,-8.06,0.214,1.0,0.0646,0.00027,311,36,336,35,-8.12,0.212,1.3,0.0646,0.00028,295,29,348,46,-7.30,0.195,0.8,0.0646,0.00025,263,45,373,37,-7.33,0.195,0.9,0.0646,0.00025,313,20,328,57
342,36.5,3600,-6.87,0.184,0.7,0.0641,0.00024,333,39,313,33,-7.29,0.194,0.8,0.0641,0.00025,355,42,290,31,-7.04,0.188,0.7,0.0641,0.00025,293,45,362,18,-7.70,0.205,0.9,0.0641,0.00023,303,8,372,35
343,37.0,3600,-7.85,0.210,0.8,0.0636,0.00025,324,42,323,29,-7.93,0.211,0.9,0.0636,0.00027,348,12,336,22,-8.04,0.214,1.0,0.0636,0.00026,307,57,338,16,-7.70,0.206,0.8,0.0636,0.00022,286,9,402,21
344,36.5,3600,-6.93,0.185,0.7,0.0631,0.00024,328,36,310,44,-7.17,0.191,0.8,0.0631,0.00026,339,15,316,48,-8.01,0.213,0.9,0.0631,0.00025,283,49,333,53,-7.84,0.208,1.0,0.0631,0.00023,314,14,361,29
345,37.5,3600,-8.44,0.224,1.0,0.0626,0.00026,337,36,306,39,-9.99,0.250,2.8,0.0626,0.00028,361,16,310,31,-7.67,0.201,1.2,0.0626,0.00024,288,53,326,51,-7.32,0.194,0.9,0.0626,0.00024,277,50,340,51
346,36.2,3600,-7.28,0.195,0.7,0.0621,0.00027,338,34,310,36,-6.36,0.170,0.6,0.0621,0.00027,383,19,301,15,-7.21,0.193,0.8,0.0621,0.00023,333,53,307,25,-7.80,0.208,0.9,0.0621,0.00027,324,13,359,22
347,37.6,3600,-7.10,0.189,0.8,0.0616,0.00025,347,61,276,34,-6.89,0.184,0.7,0.0616,0.00025,359,37,308,14,-6.63,0.177,0.7,0.0616,0.00024,267,36,395,20,-7.50,0.199,0.9,0.0616,0.00025,335,21,325,37
348,36.8,3600,-6.63,0.177,0.7,0.0611,0.00024,346,42,303,27,-6.64,0.178,0.6,0.0611,0.00026,346,14,330,28,-7.00,0.187,0.7,0.0611,0.00028,303,31,368,16,-6.81,0.182,0.7,0.0611,0.00026,278,23,394,23
349,36.9,3600,-6.88,0.184,0.8,0.0606,0.00026,309,21,377,11,-6.82,0.182,0.7,0.0606,0.00029,289,36,358,35,-7.36,0.196,0.8,0.0606,0.00024,287,25,368,38,-6.88,0.184,0.7,0.0606,0.00023,275,34,340,69
350,37.0,3600,-6.90,0.183,0.8,0.0601,0.00025,331,48,306,33,-6.77,0.181,0.8,0.0601,0.00029,341,21,323,33,-6.79,0.181,0.8,0.0601,0.00025,288,33,368,29,-7.02,0.188,0.7,0.0601,0.00024,251,22,420,25
351,37.1,3600,-7.60,0.203,0.8,0.0596,0.00023,373,18,283,44,-7.00,0.187,0.7,0.0596,0.00026,294,11,374,39,-6.33,0.169,0.7,0.0596,0.00025,294,41,370,13,-6.41,0.171,0.7,0.0596,0.00022,313,14,327,64
352,37.1,3600,-7.60,0.203,0.8,0.0592,0.00024,386,43,263,26,-7.14,0.191,0.8,0.0592,0.00028,293,18,363,44,-7.59,0.202,0.9,0.0592,0.00025,308,65,302,43,-7.01,0.187,0.8,0.0592,0.00023,279,23,365,51
353,36.1,3600,-6.67,0.178,0.7,0.0587,0.00025,382,31,264,41,-6.30,0.168,0.7,0.0587,0.00027,334,32,322,30,-6.24,0.167,0.6,0.0587,0.00024,320,56,331,11,-6.43,0.172,0.7,0.0587,0.00024,300,22,347,49
354,37.5,3600,-16.86,0.365,10.4,0.0582,0.00025,368,78,224,48,-6.70,0.179,0.7,0.0582,0.00026,316,10,339,53,-7.14,0.191,0.7,0.0582,0.00027,322,65,307,24,-7.71,0.205,0.9,0.0582,0.00022,287,28,382,21
355,36.7,3600,-7.37,0.196,0.9,0.0578,0.00025,381,25,281,31,-7.42,0.198,0.8,0.0578,0.00027,288,17,362,51,-7.53,0.200,0.9,0.0578,0.00023,328,29,331,30,-39.72,0.560,54.3,0.0578,0.00028,309,93,298,18
356,36.9,3600,-7.23,0.194,0.7,0.0573,0.00026,418,27,259,14,-6.92,0.185,0.7,0.0573,0.00027,291,14,363,50,-6.88,0.184,0.7,0.0573,0.00026,365,25,311,17,-8.19,0.217,1.0,0.0573,0.00026,285,57,334,42
357,36.6,3600,-6.58,0.176,0.7,0.0568,0.00022,403,41,245,29,-7.12,0.190,0.8,0.0568,0.00025,280,16,386,36,-6.03,0.162,0.6,0.0568,0.00022,313,29,332,44,-6.61,0.177,0.7,0.0568,0.00026,312,51,342,13
358,36.7,3600,-7.09,0.188,0.9,0.0564,0.00026,400,13,278,27,-7.82,0.208,0.9,0.0564,0.00028,293,26,332,67,-7.44,0.198,0.9,0.0564,0.00026,332,41,305,40,-6.80,0.181,0.8,0.0564,0.00023,321,21,359,17
359,37.9,3600,-7.11,0.190,0.7,0.0559,0.00025,416,18,266,18,-7.18,0.191,0.9,0.0559,0.00030,293,12,371,42,-8.34,0.220,1.1,0.0559,0.00024,348,53,292,25,-6.85,0.183,0.7,0.0559,0.00025,313,47,322,36
360,37.3,3600,-7.96,0.212,0.9,0.0555,0.00024,410,45,237,26,-7.42,0.198,0.8,0.0555,0.00029,270,14,356,78,-8.89,0.236,1.1,0.0555,0.00025,355,34,305,24,-6.56,0.175,0.7,0.0555,0.00024,296,7,396,19
361,36.6,3600,-7.02,0.188,0.7,0.0550,0.00024,363,44,290,21,-6.61,0.177,0.7,0.0550,0.00025,357,13,305,43,-6.89,0.184,0.8,0.0550,0.00024,314,63,300,41,-7.19,0.191,0.9,0.0550,0.00028,282,34,371,31
362,37.4,3600,-6.95,0.185,0.8,0.0546,0.00024,453,21,220,24,-7.16,0.191,0.8,0.0546,0.00025,324,24,320,50,-6.69,0.179,0.7,0.0546,0.00021,335,32,326,25,-6.68,0.179,0.6,0.0546,0.00023,324,17,348,29
363,37.1,3600,-6.71,0.180,0.7,0.0542,0.00025,453,18,230,17,-7.87,0.209,0.9,0.0542,0.00029,297,30,324,67,-7.40,0.198,0.8,0.0542,0.00022,287,31,334,66,-6.87,0.184,0.7,0.0542,0.00027,305,28,373,12
364,36.5,3600,-8.08,0.214,1.0,0.0537,0.00026,453,14,227,24,-8.20,0.218,1.0,0.0537,0.00024,329,33,319,37,-7.21,0.193,0.7,0.0537,0.00026,297,39,354,28,-7.19,0.192,0.8,0.0537,0.00027,315,36,327,40
365,37.1,3600,-6.22,0.167,0.6,0.0533,0.00023,450,30,214,24,-7.47,0.200,0.8,0.0533,0.00026,329,38,304,47,-8.28,0.220,1.0,0.0533,0.00023,302,39,325,52,-8.20,0.218,0.9,0.0533,0.00027,296,36,377,9
366,37.1,3600,-6.02,0.161,0.6,0.0529,0.00021,462,16,218,22,-6.68,0.179,0.7,0.0529,0.00025,347,10,330,31,-7.42,0.198,0.9,0.0529,0.00023,308,44,320,46,-7.01,0.187,0.8,0.0529,0.00030,286,48,362,22
367,36.3,3600,-8.24,0.218,1.1,0.0525,0.00026,361,30,278,49,-7.04,0.187,0.9,0.0525,0.00029,319,29,331,39,-6.50,0.174,0.6,0.0525,0.00025,294,68,342,14,-6.96,0.185,0.8,0.0525,0.00026,304,25,364,25
368,36.7,3600,-6.64,0.178,0.6,0.0520,0.00024,409,22,240,47,-7.40,0.197,0.8,0.0520,0.00028,314,28,328,48,-7.16,0.191,0.8,0.0520,0.00023,308,23,360,27,-7.34,0.197,0.7,0.0520,0.00027,301,13,388,16
369,36.4,3600,-6.06,0.163,0.6,0.0516,0.00023,414,33,232,39,-7.33,0.195,0.8,0.0516,0.00027,363,16,316,23,-7.70,0.205,0.9,0.0516,0.00024,341,23,327,27,-47.11,0.660,64.8,0.0516,0.00033,275,122,304,17
370,37.0,3600,-7.88,0.209,0.9,0.0512,0.00025,421,25,234,38,-6.51,0.174,0.6,0.0512,0.00025,307,8,366,37,-7.79,0.207,0.9,0.0512,0.00022,289,42,319,68,-7.14,0.190,0.8,0.0512,0.00032,268,34,378,38
371,36.5,3600,-6.55,0.176,0.6,0.0508,0.00025,438,21,242,17,-6.95,0.186,0.7,0.0508,0.00028,276,23,396,23,-7.44,0.198,0.9,0.0508,0.00023,304,35,345,34,-7.24,0.194,0.7,0.0508,0.00029,273,32,365,48
372,37.6,3600,-7.36,0.195,0.9,0.0504,0.00023,397,37,238,46,-8.23,0.219,1.0,0.0504,0.00026,232,14,400,72,-8.33,0.221,1.0,0.0504,0.00023,316,53,326,23,-8.43,0.224,1.0,0.0504,0.00028,232,46,373,67
373,38.5,3600,-7.38,0.197,0.8,0.0500,0.00025,414,15,243,46,-7.33,0.196,0.8,0.0500,0.00026,268,9,355,86,-8.55,0.227,1.0,0.0500,0.00022,325,44,325,24,-8.60,0.220,1.9,0.0500,0.00027,225,15,444,34
374,37.9,3600,-6.91,0.185,0.7,0.0500,0.00021,387,27,264,40,-7.03,0.188,0.7,0.0500,0.00025,268,14,374,62,-7.24,0.193,0.8,0.0500,0.00024,303,50,335,30,-7.05,0.189,0.7,0.0500,0.00028,268,21,396,33
375,37.8,3600,-6.71,0.179,0.7,0.0500,0.00025,343,56,282,37,-6.94,0.185,0.7,0.0500,0.00024,281,28,321,88,-7.18,0.192,0.7,0.0500,0.00026,311,79,292,36,-7.31,0.195,0.8,0.0500,0.00029,297,7,364,50
376,37.0,3600,-7.94,0.211,0.9,0.0500,0.00026,414,17,254,33,-8.63,0.229,1.0,0.0500,0.00027,250,23,367,78,-7.22,0.193,0.7,0.0500,0.00023,324,36,329,29,-7.55,0.202,0.8,0.0500,0.00028,311,19,351,37
377,37.3,3600,-7.03,0.188,0.8,0.0500,0.00025,395,59,250,14,-7.13,0.189,0.9,0.0500,0.00028,303,17,324,74,-7.55,0.201,0.8,0.0500,0.00023,302,29,342,45,-7.05,0.188,0.8,0.0500,0.00030,265,67,346,40
378,37.1,3600,-7.89,0.207,1.2,0.0500,0.00022,421,31,239,27,-7.64,0.203,1.0,0.0500,0.00027,270,20,352,76,-6.74,0.181,0.6,0.0500,0.00022,316,51,317,34,-6.88,0.184,0.7,0.0500,0.00027,286,28,364,40
379,37.4,3600,-7.19,0.192,0.8,0.0500,0.00028,372,34,272,40,-8.39,0.222,1.1,0.0500,0.00026,279,46,342,51,-6.90,0.184,0.7,0.0500,0.00022,277,52,356,33,-7.38,0.197,0.8,0.0500,0.00025,262,17,383,56
380,37.2,3600,-7.14,0.191,0.7,0.0500,0.00025,409,15,262,32,-6.88,0.184,0.7,0.0500,0.00026,320,18,317,63,-7.66,0.204,0.8,0.0500,0.00028,285,57,351,25,-7.70,0.205,0.9,0.0500,0.00027,295,22,349,52
381,37.2,3600,-7.99,0.212,1.0,0.0500,0.00028,370,69,250,29,-7.62,0.203,0.8,0.0500,0.00025,263,26,377,52,-8.25,0.220,0.9,0.0500,0.00022,334,31,300,53,-7.34,0.196,0.8,0.0500,0.00027,236,28,394,60
382,37.0,3600,-7.09,0.189,0.8,0.0500,0.00022,339,49,284,46,-7.43,0.198,0.8,0.0500,0.00027,250,18,375,75,-7.10,0.189,0.8,0.0500,0.00022,334,27,283,74,-6.94,0.186,0.7,0.0500,0.00028,257,29,391,41
383,36.4,3600,-7.74,0.206,0.9,0.0500,0.00025,398,41,242,37,-6.84,0.183,0.7,0.0500,0.00027,308,42,324,44,-7.43,0.198,0.8,0.0500,0.00023,317,50,316,35,-8.73,0.232,1.0,0.0500,0.00027,261,32,393,32
384,38.3,3600,-6.98,0.187,0.7,0.0500,0.00024,399,63,238,18,-6.99,0.186,0.8,0.0500,0.00026,327,46,310,35,-8.54,0.227,1.0,0.0500,0.00025,277,98,282,61,-9.08,0.241,1.1,0.0500,0.00029,259,58,362,39
385,36.7,3600,-7.57,0.202,0.8,0.0500,0.00025,381,44,244,49,-7.76,0.207,0.8,0.0500,0.00025,322,28,343,25,-7.13,0.189,0.9,0.0500,0.00026,307,47,339,25,-7.42,0.198,0.8,0.0500,0.00027,247,31,395,45
386,38.0,3600,-8.82,0.234,1.1,0.0500,0.00027,331,87,273,27,-7.77,0.207,0.9,0.0500,0.00027,322,26,289,81,-8.67,0.229,1.1,0.0500,0.00025,322,35,307,54,-7.65,0.204,0.9,0.0500,0.00026,281,25,391,21
387,37.3,3600,-7.48,0.199,0.8,0.0500,0.00023,357,28,296,37,-7.63,0.203,0.9,0.0500,0.00027,255,31,375,57,-6.93,0.185,0.8,0.0500,0.00024,353,44,291,30,-8.23,0.219,0.9,0.0500,0.00025,275,33,361,49
388,37.3,3600,-7.29,0.194,0.8,0.0500,0.00023,340,36,304,38,-7.43,0.198,0.8,0.0500,0.00026,317,40,325,36,-7.28,0.194,0.8,0.0500,0.00025,304,53,318,43,-7.61,0.203,0.9,0.0500,0.00029,273,26,380,39
389,37.1,3600,-8.04,0.212,1.1,0.0500,0.00025,373,41,267,37,-8.25,0.219,1.0,0.0500,0.00027,279,61,335,43,-7.27,0.194,0.8,0.0500,0.00024,393,20,260,45,-8.95,0.235,1.4,0.0500,0.00026,247,59,362,50
390,37.3,3600,-7.73,0.206,0.9,0.0500,0.00025,344,56,289,29,-8.63,0.231,0.9,0.0500,0.00028,295,55,301,67,-7.27,0.194,0.8,0.0500,0.00024,314,73,288,43,-7.29,0.194,0.8,0.0500,0.00029,276,25,367,50
391,37.8,3600,-6.77,0.181,0.7,0.0500,0.00030,314,48,331,25,-6.88,0.184,0.7,0.0500,0.00027,285,25,382,26,-14.89,0.339,7.5,0.0500,0.00027,309,62,300,47,-7.98,0.212,1.0,0.0500,0.00029,295,41,325,57
392,37.6,3600,-7.96,0.212,0.9,0.0500,0.00024,315,38,333,32,-7.82,0.207,1.0,0.0500,0.00026,250,39,380,49,-7.02,0.188,0.7,0.0500,0.00023,336,46,320,16,-7.38,0.196,0.9,0.0500,0.00029,304,59,320,35
393,37.1,3600,-7.61,0.203,0.9,0.0500,0.00025,304,27,368,19,-8.13,0.215,1.1,0.0500,0.00028,246,34,378,60,-8.39,0.224,0.9,0.0500,0.00025,351,44,308,15,-7.76,0.206,0.9,0.0500,0.00027,255,52,347,64
394,36.4,3600,-7.14,0.190,0.8,0.0500,0.00024,282,64,343,29,-7.33,0.195,0.9,0.0500,0.00026,251,35,385,47,-8.25,0.219,1.0,0.0500,0.00027,289,52,319,58,-7.40,0.197,0.9,0.0500,0.00027,244,34,393,47
395,37.4,3600,-7.73,0.207,0.8,0.0500,0.00024,271,38,371,38,-7.51,0.201,0.8,0.0500,0.00026,281,21,376,40,-7.41,0.198,0.8,0.0500,0.00027,341,24,311,42,-8.31,0.221,1.0,0.0500,0.00029,263,26,353,76
396,37.2,3600,-7.95,0.212,0.9,0.0500,0.00031,307,64,317,30,-7.42,0.198,0.8,0.0500,0.00027,246,42,364,66,-6.27,0.168,0.6,0.0500,0.00026,346,10,344,18,-7.72,0.205,0.9,0.0500,0.00026,292,34,334,58
397,37.4,3600,-8.29,0.220,1.0,0.0500,0.00026,301,34,329,54,-7.43,0.199,0.7,0.0500,0.00024,266,61,339,52,-7.23,0.193,0.7,0.0500,0.00025,323,47,325,23,-6.80,0.182,0.7,0.0500,0.00029,278,40,368,32
398,36.9,3600,-7.43,0.198,0.9,0.0500,0.00027,277,30,388,23,-7.90,0.209,1.0,0.0500,0.00025,302,23,341,52,-7.11,0.190,0.7,0.0500,0.00024,333,48,298,39,-7.96,0.212,0.9,0.0500,0.00026,269,59,357,33
399,37.6,3600,-7.27,0.194,0.8,0.0500,0.00024,305,48,318,47,-8.17,0.217,1.0,0.0500,0.00026,234,61,382,41,-8.14,0.217,0.9,0.0500,0.00027,336,23,288,71,-7.92,0.211,0.9,0.0500,0.00025,295,28,373,22
400,37.9,3600,-7.69,0.204,0.9,0.0500,0.00030,348,59,288,23,-7.03,0.188,0.7,0.0500,0.00027,297,8,388,25,-7.30,0.196,0.7,0.0500,0.00025,323,57,316,22,-8.62,0.229,1.0,0.0500,0.00028,315,42,335,26
401,36.9,3600,-8.00,0.213,0.9,0.0500,0.00029,394,54,248,22,-7.82,0.206,1.1,0.0500,0.00027,275,30,360,53,-6.85,0.183,0.7,0.0500,0.00027,324,46,319,29,-8.17,0.217,1.0,0.0500,0.00025,287,59,341,31
402,37.4,3600,-7.17,0.192,0.8,0.0500,0.00028,420,37,235,26,-7.00,0.187,0.7,0.0500,0.00031,247,21,401,49,-7.78,0.208,0.8,0.0500,0.00029,304,60,329,25,-7.52,0.200,0.9,0.0500,0.00028,287,41,349,41
403,37.4,3600,-7.52,0.201,0.8,0.0500,0.00030,327,50,311,30,-7.11,0.190,0.7,0.0500,0.00026,263,22,364,69,-7.11,0.190,0.7,0.0500,0.00024,343,42,318,15,-7.08,0.189,0.7,0.0500,0.00027,305,22,361,30
404,37.5,3600,-6.78,0.181,0.7,0.0500,0.00029,391,36,266,25,-7.06,0.189,0.7,0.0500,0.00024,211,41,424,42,-7.74,0.205,1.0,0.0500,0.00025,332,44,318,24,-8.09,0.213,1.1,0.0500,0.00028,302,31,336,49
405,37.5,3600,-7.16,0.191,0.8,0.0500,0.00031,352,70,284,12,-7.08,0.189,0.8,0.0500,0.00028,245,46,397,30,-7.61,0.203,0.9,0.0500,0.00024,341,59,284,34,-7.48,0.199,0.8,0.0500,0.00031,280,38,349,51
406,37.9,3600,-8.33,0.222,1.0,0.0500,0.00030,371,42,271,34,-7.06,0.188,0.8,0.0500,0.00029,247,29,374,68,-7.02,0.188,0.8,0.0500,0.00026,311,65,305,37,-7.96,0.211,1.0,0.0500,0.00028,307,36,326,49
407,38.0,3600,-6.39,0.171,0.6,0.0500,0.00028,421,44,237,16,-6.60,0.176,0.7,0.0500,0.00026,264,42,364,48,-7.51,0.200,0.8,0.0500,0.00025,317,51,325,25,-7.47,0.199,0.9,0.0500,0.00028,318,36,322,42
408,37.4,3600,-6.94,0.186,0.7,0.0500,0.00030,357,71,276,14,-7.76,0.206,0.9,0.0500,0.00024,303,9,334,72,-7.79,0.207,0.9,0.0500,0.00022,328,80,280,30,-8.31,0.221,1.0,0.0500,0.00028,287,31,362,38
409,37.7,3600,-8.53,0.226,1.1,0.0500,0.00030,378,59,247,34,-7.31,0.195,0.8,0.0500,0.00026,253,50,373,42,-6.97,0.186,0.8,0.0500,0.00026,316,33,329,40,-7.48,0.200,0.8,0.0500,0.00029,293,48,363,14
410,37.1,3600,-7.48,0.199,0.8,0.0500,0.00031,342,49,311,16,-8.15,0.216,1.0,0.0500,0.00025,290,17,383,28,-7.52,0.200,0.9,0.0500,0.00025,342,44,293,39,-8.06,0.215,0.9,0.0500,0.00028,312,31,330,45
411,37.5,3600,-6.00,0.161,0.6,0.0500,0.00030,337,42,305,34,-7.86,0.209,1.0,0.0500,0.00027,277,32,355,54,-6.67,0.178,0.7,0.0500,0.00026,359,41,278,40,-8.13,0.217,0.9,0.0500,0.00027,304,19,366,29
412,37.7,3600,-7.02,0.187,0.8,0.0500,0.00028,279,51,361,27,-7.76,0.207,0.8,0.0500,0.00025,289,45,345,39,-7.50,0.200,0.8,0.0500,0.00026,324,40,320,34,-7.57,0.201,0.9,0.0500,0.00031,309,15,342,52
413,37.3,3600,-9.17,0.243,1.1,0.0500,0.00030,315,62,316,25,-8.62,0.229,1.0,0.0500,0.00029,295,12,352,59,-7.97,0.212,0.9,0.0500,0.00026,328,44,302,44,-7.94,0.211,1.0,0.0500,0.00028,269,41,364,44
414,37.1,3600,-7.47,0.199,0.9,0.0500,0.00029,336,48,299,35,-8.40,0.223,1.0,0.0500,0.00025,274,45,366,33,-6.95,0.186,0.7,0.0500,0.00026,327,60,302,29,-8.28,0.221,0.9,0.0500,0.00030,328,24,335,31
415,36.9,3600,-7.44,0.197,1.0,0.0500,0.00029,358,23,315,22,-8.90,0.236,1.1,0.0500,0.00029,270,24,356,68,-7.45,0.199,0.8,0.0500,0.00026,325,60,307,26,-6.70,0.179,0.7,0.0500,0.00026,271,32,366,49
416,37.4,3600,-7.08,0.189,0.8,0.0500,0.00028,370,37,302,9,-7.52,0.200,0.9,0.0500,0.00026,316,47,328,27,-7.49,0.200,0.8,0.0500,0.00025,288,62,328,40,-7.66,0.204,0.9,0.0500,0.00026,277,51,343,47
417,37.2,3600,-7.33,0.196,0.8,0.0500,0.00029,369,44,292,13,-9.01,0.238,1.3,0.0500,0.00029,285,17,369,47,-7.08,0.189,0.8,0.0500,0.00023,338,77,290,13,-7.32,0.195,0.8,0.0500,0.00029,277,34,358,49
418,37.2,3600,-7.09,0.190,0.7,0.0500,0.00032,357,30,303,28,-6.86,0.183,0.7,0.0500,0.00027,294,25,370,29,-7.68,0.202,1.1,0.0500,0.00025,349,72,259,38,-7.23,0.193,0.8,0.0500,0.00030,297,35,375,11
419,37.7,3600,-7.40,0.197,0.8,0.0500,0.00032,285,43,374,16,-7.80,0.208,0.9,0.0500,0.00025,290,74,336,18,-6.80,0.182,0.7,0.0500,0.00027,321,62,285,50,-7.85,0.209,0.9,0.0500,0.00027,311,20,335,52
420,37.4,3600,-7.25,0.194,0.7,0.0500,0.00028,363,54,297,4,-8.05,0.214,1.0,0.0500,0.00025,271,26,373,48,-7.00,0.187,0.7,0.0500,0.00024,366,35,286,31,-6.61,0.177,0.7,0.0500,0.00029,263,19,410,26
421,37.8,3600,-7.29,0.194,0.9,0.0500,0.00026,338,31,315,34,-6.94,0.186,0.7,0.0500,0.00027,272,19,372,55,-6.77,0.181,0.7,0.0500,0.00026,338,43,325,12,-8.34,0.221,1.1,0.0500,0.00033,282,48,369,19
422,37.5,3600,-7.38,0.196,0.9,0.0500,0.00027,353,64,286,15,-8.34,0.221,1.0,0.0500,0.00027,259,29,364,66,-8.79,0.235,0.9,0.0500,0.00023,301,69,333,15,-6.56,0.176,0.6,0.0500,0.00029,286,10,398,24
423,37.7,3600,-6.19,0.166,0.6,0.0500,0.00029,345,58,290,25,-7.06,0.189,0.7,0.0500,0.00030,254,34,409,21,-6.89,0.184,0.8,0.0500,0.00025,296,50,343,29,-7.76,0.206,1.0,0.0500,0.00028,240,31,367,80
424,37.5,3600,-7.69,0.205,0.9,0.0500,0.00025,332,58,284,44,-7.58,0.202,0.9,0.0500,0.00031,284,9,382,43,-8.69,0.231,1.0,0.0500,0.00027,298,34,362,24,-7.93,0.211,0.9,0.0500,0.00032,277,8,374,59
425,37.6,3600,-6.31,0.169,0.6,0.0500,0.00026,349,32,310,27,-5.86,0.157,0.5,0.0500,0.00026,268,5,411,34,-6.90,0.184,0.7,0.0500,0.00028,339,49,322,8,-7.49,0.200,0.8,0.0500,0.00028,324,20,327,47
426,37.6,3600,-7.75,0.207,0.8,0.0500,0.00025,365,25,307,21,-7.47,0.200,0.8,0.0500,0.00028,290,22,346,60,-6.64,0.177,0.7,0.0500,0.00026,334,36,340,8,-7.30,0.195,0.8,0.0500,0.00028,283,23,384,28
427,37.2,3600,-6.57,0.176,0.7,0.0500,0.00027,357,53,284,24,-7.30,0.195,0.8,0.0500,0.00025,284,46,331,57,-6.90,0.184,0.7,0.0500,0.00025,302,40,349,27,-6.84,0.182,0.8,0.0500,0.00027,307,44,334,33
428,37.3,3600,-6.67,0.178,0.7,0.0500,0.00026,353,19,312,34,-6.46,0.173,0.6,0.0500,0.00026,261,11,422,24,-7.46,0.199,0.8,0.0500,0.00027,272,48,368,30,-7.45,0.199,0.7,0.0500,0.00030,293,39,364,22
429,37.5,3600,-6.92,0.185,0.8,0.0500,0.00026,358,21,304,35,-7.29,0.195,0.8,0.0500,0.00030,280,38,340,60,-7.77,0.207,0.9,0.0500,0.00025,302,49,337,30,-7.58,0.201,0.9,0.0500,0.00029,291,38,346,43
430,38.0,3600,-7.90,0.211,0.9,0.0500,0.00022,387,54,257,20,-7.50,0.199,0.9,0.0500,0.00027,272,28,332,86,-7.37,0.197,0.8,0.0500,0.00027,318,49,309,42,-7.16,0.191,0.8,0.0500,0.00031,285,41,355,37
431,37.2,3600,-7.86,0.210,0.9,0.0500,0.00026,352,36,286,44,-6.59,0.176,0.7,0.0500,0.00028,252,23,398,45,-7.14,0.191,0.7,0.0500,0.00026,331,23,331,33,-7.85,0.209,0.9,0.0500,0.00030,269,43,348,58
432,37.7,3600,-7.03,0.188,0.8,0.0500,0.00030,384,44,273,17,-6.49,0.174,0.7,0.0500,0.00030,238,32,417,31,-8.11,0.215,1.0,0.0500,0.00026,313,87,279,39,-7.61,0.203,0.9,0.0500,0.00028,253,23,390,52
433,37.2,3600,-6.68,0.179,0.7,0.0500,0.00028,368,32,301,17,-6.80,0.182,0.7,0.0500,0.00027,264,19,410,25,-6.46,0.172,0.7,0.0500,0.00025,327,12,359,20,-7.04,0.188,0.7,0.0500,0.00030,268,32,381,37
434,37.2,3600,-6.87,0.184,0.7,0.0500,0.00026,367,19,313,19,-7.26,0.194,0.7,0.0500,0.00029,259,14,390,55,-7.66,0.204,0.8,0.0500,0.00026,308,87,302,21,-7.30,0.195,0.8,0.0500,0.00029,293,15,375,35
435,37.5,3600,-8.08,0.215,0.9,0.0500,0.00030,374,56,264,24,-7.29,0.194,0.8,0.0500,0.00033,328,20,336,34,-7.48,0.199,0.9,0.0500,0.00026,313,29,327,49,-7.57,0.203,0.8,0.0500,0.00031,278,58,357,25
436,37.1,3600,-6.43,0.172,0.6,0.0500,0.00028,365,24,317,12,-7.44,0.198,0.8,0.0500,0.00027,276,46,356,40,-7.22,0.193,0.8,0.0500,0.00025,363,21,306,28,-6.95,0.185,0.8,0.0500,0.00028,284,19,374,41
437,38.0,3600,-7.50,0.201,0.8,0.0500,0.00026,379,23,297,19,-6.88,0.184,0.8,0.0500,0.00029,279,31,386,22,-8.78,0.233,1.1,0.0500,0.00025,334,55,309,20,-7.09,0.189,0.8,0.0500,0.00026,301,27,359,31
438,36.9,3600,-7.17,0.191,0.8,0.0500,0.00026,365,28,288,37,-6.74,0.180,0.7,0.0500,0.00025,303,28,346,41,-6.84,0.183,0.7,0.0500,0.00026,345,58,300,15,-7.07,0.189,0.8,0.0500,0.00030,276,41,377,24
439,37.3,3600,-6.29,0.168,0.7,0.0500,0.00029,355,44,311,8,-6.10,0.164,0.6,0.0500,0.00028,280,22,395,21,-7.76,0.207,0.9,0.0500,0.00025,305,36,338,39,-6.85,0.183,0.7,0.0500,0.00028,263,32,406,17
440,36.7,3600,-6.59,0.176,0.7,0.0500,0.00027,392,41,277,8,-6.46,0.173,0.6,0.0500,0.00029,341,12,340,25,-6.96,0.187,0.7,0.0500,0.00026,368,27,307,16,-7.08,0.189,0.7,0.0500,0.00025,294,37,359,28
441,37.9,3600,-7.63,0.204,0.8,0.0500,0.00024,322,33,312,51,-7.01,0.187,0.8,0.0500,0.00025,304,16,372,26,-7.86,0.209,0.9,0.0500,0.00026,318,47,311,42,-7.18,0.192,0.8,0.0500,0.00030,309,49,349,11
442,36.9,3600,-6.87,0.184,0.7,0.0500,0.00024,318,41,340,19,-7.54,0.200,1.0,0.0500,0.00029,301,36,337,44,-6.68,0.179,0.7,0.0500,0.00023,319,68,304,27,-6.41,0.172,0.6,0.0500,0.00029,300,27,379,12
443,37.4,3600,-7.07,0.189,0.7,0.0500,0.00028,305,19,380,14,-6.49,0.173,0.7,0.0500,0.00027,309,16,375,18,-7.52,0.201,0.8,0.0500,0.00026,338,41,313,26,-7.17,0.191,0.9,0.0500,0.00032,282,56,356,24
444,37.6,3600,-7.17,0.191,0.8,0.0500,0.00025,308,65,326,19,-7.36,0.196,0.9,0.0500,0.00027,274,51,362,31,-6.47,0.173,0.7,0.0500,0.00024,319,14,346,39,-7.12,0.190,0.8,0.0500,0.00031,316,38,341,23
445,37.7,3600,-6.86,0.184,0.7,0.0500,0.00025,246,53,395,24,-7.34,0.196,0.8,0.0500,0.00026,329,17,340,32,-6.78,0.181,0.7,0.0500,0.00023,330,44,322,22,-6.74,0.181,0.6,0.0500,0.00030,320,17,354,27
446,38.2,3600,-6.74,0.180,0.7,0.0500,0.00027,284,45,378,11,-7.90,0.209,1.0,0.0500,0.00029,281,23,385,29,-7.71,0.206,0.8,0.0500,0.00024,318,41,342,17,-7.07,0.189,0.7,0.0500,0.00028,278,32,374,34
447,36.8,3600,-7.05,0.188,0.7,0.0500,0.00025,298,55,352,13,-7.60,0.202,0.9,0.0500,0.00029,305,15,352,46,-8.94,0.237,1.1,0.0500,0.00024,355,45,295,23,-8.67,0.231,1.0,0.0500,0.00030,253,88,355,22
448,38.0,3600,-7.88,0.210,0.9,0.0500,0.00026,250,95,362,11,-7.66,0.203,1.0,0.0500,0.00027,325,22,347,24,-7.24,0.194,0.7,0.0500,0.00021,306,48,351,13,-6.90,0.184,0.7,0.0500,0.00028,272,26,398,22
449,38.1,3600,-7.39,0.198,0.8,0.0500,0.00028,308,19,382,9,-7.25,0.194,0.8,0.0500,0.00028,301,9,384,24,-7.61,0.203,0.8,0.0500,0.00024,335,30,342,11,-8.21,0.218,1.0,0.0500,0.00031,257,66,361,34
450,37.7,3600,-6.91,0.184,0.8,0.0500,0.00027,317,43,328,30,-7.37,0.197,0.8,0.0500,0.00028,297,42,316,63,-6.34,0.170,0.6,0.0500,0.00024,300,16,384,18,-7.01,0.187,0.7,0.0500,0.00027,301,35,354,28
451,37.1,3600,-8.10,0.216,0.9,0.0500,0.00028,349,63,284,22,-6.42,0.172,0.6,0.0500,0.00027,315,28,367,8,-6.00,0.161,0.6,0.0500,0.00027,338,50,304,26,-7.50,0.200,0.8,0.0500,0.00031,309,25,341,43
452,36.9,3600,-6.91,0.183,0.9,0.0500,0.00028,325,38,337,18,-6.94,0.185,0.7,0.0500,0.00022,333,17,336,32,-7.02,0.188,0.7,0.0500,0.00028,371,34,293,20,-6.61,0.176,0.8,0.0500,0.00030,293,24,385,16
453,37.7,3600,-5.97,0.160,0.6,0.0500,0.00025,373,8,318,19,-7.15,0.190,0.8,0.0500,0.00029,315,26,363,14,-6.55,0.176,0.6,0.0500,0.00027,344,37,325,12,-7.19,0.192,0.8,0.0500,0.00028,268,13,425,12
454,37.7,3600,-6.86,0.183,0.8,0.0500,0.00027,327,13,349,29,-8.73,0.228,1.5,0.0500,0.00028,272,22,368,56,-6.89,0.184,0.7,0.0500,0.00029,360,24,319,15,-7.71,0.205,0.9,0.0500,0.00029,264,53,358,43
455,37.7,3600,-7.07,0.189,0.7,0.0500,0.00026,314,41,343,20,-6.18,0.166,0.6,0.0500,0.00029,339,17,346,16,-6.78,0.181,0.7,0.0500,0.00027,348,19,308,43,-6.91,0.185,0.7,0.0500,0.00028,275,44,392,7
456,37.2,3600,-7.09,0.190,0.7,0.0500,0.00025,352,20,311,35,-7.68,0.204,0.9,0.0500,0.00023,300,23,333,62,-7.04,0.188,0.7,0.0500,0.00027,336,27,341,14,-7.90,0.210,0.9,0.0500,0.00029,252,43,401,22
457,37.5,3600,-6.49,0.173,0.7,0.0500,0.00025,320,42,322,34,-7.09,0.189,0.8,0.0500,0.00026,284,21,361,52,-7.52,0.200,0.9,0.0500,0.00026,307,38,329,44,-6.84,0.183,0.7,0.0500,0.00030,264,26,369,59
458,37.3,3600,-6.13,0.164,0.6,0.0500,0.00023,335,32,347,4,-6.63,0.177,0.7,0.0500,0.00025,274,29,379,36,-6.90,0.184,0.7,0.0500,0.00024,321,46,326,25,-6.17,0.165,0.6,0.0500,0.00029,276,42,378,22
459,37.1,3600,-7.33,0.195,0.9,0.0500,0.00027,285,54,360,19,-7.08,0.189,0.8,0.0500,0.00027,304,11,369,34,-7.02,0.188,0.8,0.0500,0.00025,311,36,347,24,-7.59,0.203,0.8,0.0500,0.00031,289,32,387,10
460,37.9,3600,-8.70,0.226,1.5,0.0500,0.00025,344,19,342,13,-8.05,0.215,0.9,0.0500,0.00026,350,32,306,30,-7.19,0.193,0.7,0.0500,0.00026,379,27,291,21,-7.56,0.202,0.8,0.0500,0.00026,244,27,400,47
461,37.5,3600,-7.38,0.197,0.8,0.0500,0.00028,289,35,368,26,-6.39,0.171,0.6,0.0500,0.00029,295,21,380,22,-8.35,0.221,1.1,0.0500,0.00026,341,15,327,35,-7.71,0.206,0.9,0.0500,0.00029,290,27,368,33
462,38.0,3600,-7.01,0.188,0.7,0.0500,0.00027,311,13,370,24,-8.10,0.215,1.0,0.0500,0.00032,271,46,375,26,-7.52,0.201,0.8,0.0500,0.00027,355,13,338,12,-7.99,0.212,1.0,0.0500,0.00027,266,34,381,37
463,37.2,3600,-6.73,0.180,0.7,0.0500,0.00028,276,33,397,12,-6.08,0.163,0.6,0.0500,0.00028,289,11,391,27,-6.78,0.181,0.7,0.0500,0.00028,347,38,316,17,-6.18,0.165,0.6,0.0500,0.00029,248,23,419,28
464,38.0,3600,-6.48,0.173,0.7,0.0500,0.00029,296,33,377,12,-6.41,0.172,0.6,0.0500,0.00028,288,18,388,24,-6.34,0.170,0.6,0.0500,0.00027,343,27,339,9,-6.74,0.180,0.8,0.0500,0.00028,252,13,427,26
465,37.2,3600,-7.44,0.197,0.9,0.0500,0.00029,302,26,377,13,-7.29,0.196,0.7,0.0500,0.00027,280,14,389,35,-6.41,0.172,0.6,0.0500,0.00028,359,34,296,29,-6.64,0.177,0.8,0.0500,0.00029,279,45,338,56
466,36.8,3600,-6.74,0.179,0.8,0.0500,0.00028,271,32,394,21,-7.02,0.188,0.7,0.0500,0.00029,290,20,390,18,-6.46,0.173,0.6,0.0500,0.00028,389,17,299,13,-7.89,0.211,0.9,0.0500,0.00032,250,61,374,33
467,37.5,3600,-7.57,0.202,0.8,0.0500,0.00028,293,29,383,13,-7.12,0.191,0.7,0.0500,0.00027,252,18,427,21,-7.32,0.195,0.8,0.0500,0.00025,338,33,336,11,-7.08,0.189,0.8,0.0500,0.00029,274,25,400,19
468,37.3,3600,-7.21,0.193,0.7,0.0500,0.00025,323,24,363,8,-7.53,0.201,0.9,0.0500,0.00029,249,22,430,17,-7.34,0.196,0.8,0.0500,0.00027,342,19,339,18,-7.46,0.199,0.9,0.0500,0.00028,274,8,411,25
469,38.0,3600,-6.88,0.184,0.7,0.0500,0.00028,299,35,376,8,-5.90,0.159,0.5,0.0500,0.00029,318,14,365,21,-6.02,0.161,0.6,0.0500,0.00029,385,25,283,25,-6.60,0.176,0.7,0.0500,0.00028,267,19,391,41
470,37.0,3600,-5.98,0.161,0.5,0.0500,0.00029,271,52,379,16,-6.77,0.180,0.8,0.0500,0.00025,279,16,399,24,-5.70,0.153,0.6,0.0500,0.00027,390,24,290,14,-6.54,0.174,0.7,0.0500,0.00028,272,38,396,12
471,37.2,3600,-6.88,0.183,0.8,0.0500,0.00025,356,17,327,18,-7.24,0.193,0.9,0.0500,0.00027,277,14,412,15,-6.96,0.186,0.7,0.0500,0.00020,386,23,286,23,-7.33,0.196,0.8,0.0500,0.00028,245,20,398,55
472,36.7,3600,-6.78,0.181,0.7,0.0500,0.00023,357,28,309,24,-7.03,0.188,0.7,0.0500,0.00027,311,22,354,31,-7.35,0.196,0.8,0.0500,0.00024,329,39,330,20,-8.02,0.213,1.0,0.0500,0.00026,249,43,379,47
473,37.4,3600,-7.49,0.199,0.9,0.0500,0.00024,364,18,319,17,-7.57,0.203,0.8,0.0500,0.00027,318,23,361,16,-7.39,0.198,0.8,0.0500,0.00024,365,17,316,20,-7.01,0.188,0.7,0.0500,0.00028,250,18,440,10
474,37.3,3600,-6.90,0.184,0.8,0.0500,0.00028,348,44,288,38,-6.57,0.176,0.7,0.0500,0.00029,310,8,369,31,-7.35,0.196,0.8,0.0500,0.00024,345,26,316,31,-7.98,0.211,1.0,0.0500,0.00026,235,23,435,25
475,37.4,3600,-6.52,0.174,0.7,0.0500,0.00027,374,32,292,20,-7.26,0.193,0.8,0.0500,0.00028,264,18,401,35,-6.34,0.170,0.6,0.0500,0.00022,358,32,301,27,-6.55,0.175,0.7,0.0500,0.00028,240,14,413,51
476,37.8,3600,-7.19,0.192,0.8,0.0500,0.00028,361,37,294,26,-7.05,0.188,0.7,0.0500,0.00025,303,26,378,11,-6.49,0.174,0.6,0.0500,0.00022,344,28,334,12,-7.36,0.196,0.9,0.0500,0.00027,277,43,355,43
477,36.9,3600,-7.11,0.189,0.8,0.0500,0.00030,370,18,312,18,-8.04,0.213,1.0,0.0500,0.00028,278,39,358,43,-7.49,0.200,0.8,0.0500,0.00024,385,37,277,19,-7.13,0.190,0.8,0.0500,0.00031,237,16,425,40
478,38.1,3600,-7.24,0.194,0.8,0.0500,0.00027,338,27,321,32,-6.72,0.180,0.7,0.0500,0.00029,314,14,374,16,-7.35,0.196,0.8,0.0500,0.00026,383,31,280,24,-6.49,0.174,0.7,0.0500,0.00027,233,10,401,74
479,37.1,3600,-7.29,0.194,0.9,0.0500,0.00026,342,23,341,12,-7.50,0.201,0.8,0.0500,0.00027,305,29,361,23,-6.63,0.177,0.7,0.0500,0.00021,386,33,286,13,-7.20,0.193,0.7,0.0500,0.00029,276,24,367,51
480,37.2,3600,-7.47,0.199,0.9,0.0500,0.00026,327,26,329,36,-6.75,0.181,0.7,0.0500,0.00026,278,30,399,11,-6.61,0.176,0.7,0.0500,0.00023,363,35,300,20,-8.20,0.217,1.0,0.0500,0.00027,292,37,309,80
481,38.1,3600,-9.04,0.235,1.6,0.0500,0.00027,312,34,347,25,-6.65,0.178,0.7,0.0500,0.00030,269,22,396,31,-7.64,0.203,0.9,0.0500,0.00026,383,36,276,23,-8.22,0.219,0.9,0.0500,0.00028,259,34,345,80
482,37.7,3600,-8.37,0.223,0.9,0.0500,0.00028,335,44,316,23,-7.91,0.211,0.8,0.0500,0.00027,287,50,345,36,-7.15,0.192,0.7,0.0500,0.00023,391,22,293,12,-8.49,0.225,1.1,0.0500,0.00024,279,25,334,80
483,38.3,3600,-6.88,0.184,0.8,0.0500,0.00025,311,22,369,16,-6.60,0.177,0.7,0.0500,0.00027,279,62,339,38,-7.31,0.196,0.7,0.0500,0.00025,336,20,341,21,-6.90,0.184,0.7,0.0500,0.00030,261,34,377,46
484,37.2,3600,-7.58,0.202,0.8,0.0500,0.00029,300,31,358,29,-8.03,0.214,0.9,0.0500,0.00028,268,36,390,24,-7.63,0.203,0.9,0.0500,0.00021,354,41,291,32,-7.87,0.210,0.9,0.0500,0.00027,253,39,345,81
485,37.6,3600,-8.49,0.227,0.9,0.0500,0.00027,311,25,369,13,-7.52,0.201,0.8,0.0500,0.00029,254,63,369,32,-7.38,0.197,0.8,0.0500,0.00028,357,19,320,22,-9.58,0.254,1.2,0.0500,0.00024,284,48,338,48
486,37.1,3600,-6.43,0.171,0.8,0.0500,0.00028,320,24,357,17,-7.82,0.208,0.9,0.0500,0.00025,264,44,399,11,-7.37,0.196,0.8,0.0500,0.00025,338,13,347,20,-6.93,0.185,0.8,0.0500,0.00028,275,58,349,36
487,37.5,3600,-6.89,0.184,0.7,0.0500,0.00029,359,36,308,15,-6.20,0.166,0.6,0.0500,0.00027,306,21,367,24,-7.04,0.189,0.7,0.0500,0.00025,347,20,344,7,-7.12,0.191,0.7,0.0500,0.00029,254,67,359,38
488,37.2,3600,-7.15,0.189,1.0,0.0500,0.00028,299,20,384,15,-8.63,0.225,1.5,0.0500,0.00026,246,22,393,57,-7.31,0.195,0.8,0.0500,0.00027,310,14,353,41,-7.36,0.197,0.8,0.0500,0.00027,273,44,347,54
489,37.0,3600,-6.65,0.177,0.8,0.0500,0.00026,276,36,377,29,-8.19,0.217,1.0,0.0500,0.00026,264,36,400,18,-6.93,0.185,0.7,0.0500,0.00031,365,23,305,25,-6.80,0.181,0.8,0.0500,0.00027,255,62,375,26
490,37.0,3600,-6.85,0.183,0.7,0.0500,0.00027,295,70,339,14,-8.21,0.218,1.0,0.0500,0.00032,247,78,383,10,-7.15,0.191,0.7,0.0500,0.00028,315,20,362,21,-6.49,0.174,0.6,0.0500,0.00026,227,11,446,34
491,36.9,3600,-8.52,0.216,2.1,0.0500,0.00027,321,35,343,19,-6.22,0.167,0.6,0.0500,0.00027,296,27,360,35,-6.26,0.168,0.6,0.0500,0.00023,319,14,371,14,-6.79,0.181,0.7,0.0500,0.00023,263,27,417,11
492,37.0,3600,-8.55,0.224,1.3,0.0500,0.00028,309,50,325,34,-7.61,0.202,1.0,0.0500,0.00031,296,51,343,28,-7.26,0.194,0.8,0.0500,0.00022,333,28,333,24,-7.46,0.199,0.9,0.0500,0.00026,276,56,365,21
493,36.6,3600,-7.19,0.192,0.8,0.0500,0.00029,336,41,313,28,-6.67,0.177,0.8,0.0500,0.00026,276,71,330,41,-6.81,0.182,0.8,0.0500,0.00025,326,31,352,9,-6.73,0.180,0.7,0.0500,0.00025,293,31,353,41
494,37.3,3600,-6.88,0.183,0.8,0.0500,0.00026,295,47,370,6,-11.16,0.266,4.4,0.0500,0.00030,270,40,355,53,-7.01,0.188,0.7,0.0500,0.00027,325,39,336,18,-7.31,0.195,0.8,0.0500,0.00028,261,40,357,60
495,36.9,3600,-7.00,0.186,0.8,0.0500,0.00030,333,64,308,13,-6.46,0.173,0.7,0.0500,0.00027,258,69,364,27,-6.85,0.184,0.6,0.0500,0.00026,337,20,351,10,-6.86,0.184,0.7,0.0500,0.00026,304,37,356,21
496,36.5,3600,-7.21,0.192,0.8,0.0500,0.00026,300,40,358,20,-7.25,0.193,0.8,0.0500,0.00029,312,50,338,18,-7.04,0.188,0.8,0.0500,0.00028,307,30,359,22,-6.71,0.179,0.7,0.0500,0.00030,291,50,354,23
497,37.0,3600,-7.41,0.197,0.9,0.0500,0.00027,307,29,325,57,-8.10,0.214,1.1,0.0500,0.00025,292,67,316,43,-6.09,0.164,0.5,0.0500,0.00025,315,20,357,26,-6.26,0.168,0.6,0.0500,0.00025,276,25,390,27
498,36.7,3600,-7.04,0.188,0.7,0.0500,0.00025,321,54,334,9,-7.39,0.196,0.9,0.0500,0.00030,310,12,357,39,-7.08,0.190,0.7,0.0500,0.00027,319,24,366,9,-7.46,0.199,0.8,0.0500,0.00026,311,25,347,35
499,37.2,3600,-7.03,0.187,0.8,0.0500,0.00025,341,40,307,30,-7.81,0.208,0.9,0.0500,0.00029,296,35,345,42,-6.56,0.176,0.6,0.0500,0.00024,326,27,343,22,-7.47,0.198,0.9,0.0500,0.00027,253,52,357,56
500,37.0,3600,-7.06,0.188,0.8,0.0500,0.00024,271,54,366,27,-7.59,0.199,1.1,0.0500,0.00027,287,32,337,62,-7.06,0.189,0.7,0.0500,0.00025,325,39,318,36,-7.06,0.188,0.8,0.0500,0.00029,254,46,369,49
